kind,etag,id,snippet.publishedAt,snippet.channelId,snippet.title,snippet.description,snippet.thumbnails.default.url,snippet.thumbnails.default.width,snippet.thumbnails.default.height,snippet.thumbnails.medium.url,snippet.thumbnails.medium.width,snippet.thumbnails.medium.height,snippet.thumbnails.high.url,snippet.thumbnails.high.width,snippet.thumbnails.high.height,snippet.thumbnails.standard.url,snippet.thumbnails.standard.width,snippet.thumbnails.standard.height,snippet.thumbnails.maxres.url,snippet.thumbnails.maxres.width,snippet.thumbnails.maxres.height,snippet.channelTitle,snippet.categoryId,snippet.liveBroadcastContent,snippet.localized.title,snippet.localized.description,contentDetails.duration,contentDetails.dimension,contentDetails.definition,contentDetails.caption,contentDetails.licensedContent,contentDetails.projection,status.uploadStatus,status.privacyStatus,status.license,status.embeddable,status.publicStatsViewable,status.madeForKids,statistics.viewCount,statistics.likeCount,statistics.favoriteCount,statistics.commentCount,snippet.tags,snippet.defaultLanguage,snippet.defaultAudioLanguage
youtube#video,9bNGSZT1ACF3LN6F0IvRdZ7UjiY,1uQXJPxZS_M,2021-12-31T13:51:28Z,UCiTPyhW_lEBoYHwc3xtBlFg,Jhonny depp tried to tell us about amber,"#youtubeshorts #youtube #shorts 
#jhonnydepp #jhonny #depp #rdj #amber #heard
#kanyewest #kanye #west #yeezey
#grammies #drake #jcole #eminem #hiphop
#hiphop #rapper #blueface #drake #kendricklamar #music
#billboard #ariana #grande
#thuglife #thug #life #jokes
#funny #meme #memes #hilarious #tiktok #vines #omegle
#shotoniPhonememe #shotoniphone #memes",https://i.ytimg.com/vi/1uQXJPxZS_M/default.jpg,120,90,https://i.ytimg.com/vi/1uQXJPxZS_M/mqdefault.jpg,320,180,https://i.ytimg.com/vi/1uQXJPxZS_M/hqdefault.jpg,480,360,https://i.ytimg.com/vi/1uQXJPxZS_M/sddefault.jpg,640.0,480.0,https://i.ytimg.com/vi/1uQXJPxZS_M/maxresdefault.jpg,1280.0,720.0,MenOfCulture_FC,22,none,Jhonny depp tried to tell us about amber,"#youtubeshorts #youtube #shorts 
#jhonnydepp #jhonny #depp #rdj #amber #heard
#kanyewest #kanye #west #yeezey
#grammies #drake #jcole #eminem #hiphop
#hiphop #rapper #blueface #drake #kendricklamar #music
#billboard #ariana #grande
#thuglife #thug #life #jokes
#funny #meme #memes #hilarious #tiktok #vines #omegle
#shotoniPhonememe #shotoniphone #memes",PT15S,2d,hd,false,False,rectangular,processed,public,youtube,True,True,False,5,1,0,0,,,
youtube#video,vjnvsxmigBjsdk-PdXCNiJ7WTKk,2Pzf923Lw5A,2021-06-20T11:45:00Z,UC-lZTlG05ETwyjDS1JQCv3w,‚ÄúAMBER HEARD‚Äôs SPIRAL DOWNWARD‚Äù The Downfall of Amber Heard | Celebrity Craze,"The Downfall of Amber Heard | Celebrity Craze

‚ÄúAMBER HEARD‚Äôs SPIRAL DOWNWARD‚Äù The Downfall of Amber Heard | Celebrity Craze

While some celebrities prefer living a quiet life away from the public, others just have so many scandals following them. In this video, we are going to talk about Johnny Depp and Amber Heard, who have been on each other‚Äôs throats ever since they split up and how Amber Heard might be facing jail time for one mistake she made in all this.

#AmberHeardJail‚Äã #AmberHeard‚Äã #AmberHeardCourt‚Äã #JusticeForJohnny #JusticeforJohnnyDepp
------------------------------------------------------------------------------------------------------------------------------
Subscribe: https://www.youtube.com/channel/UC-lZTlG05ETwyjDS1JQCv3w/featured?sub_confirmation=1

This Channel intends to provide the most breaking celeb news, drama and controversies all in one place. Also, information not only about Celebrities from Hollywood Film Industry but also Famous People around the World. We maintain different Playlists which you could come back and watch videos from your desired interest category. 

We also promise to keep our viewers entertained. Thanks for taking your time to checkout the Channel!

Subscribe to never miss a video.",https://i.ytimg.com/vi/2Pzf923Lw5A/default.jpg,120,90,https://i.ytimg.com/vi/2Pzf923Lw5A/mqdefault.jpg,320,180,https://i.ytimg.com/vi/2Pzf923Lw5A/hqdefault.jpg,480,360,https://i.ytimg.com/vi/2Pzf923Lw5A/sddefault.jpg,640.0,480.0,https://i.ytimg.com/vi/2Pzf923Lw5A/maxresdefault.jpg,1280.0,720.0,Celebrity Craze,24,none,‚ÄúAMBER HEARD‚Äôs SPIRAL DOWNWARD‚Äù The Downfall of Amber Heard | Celebrity Craze,"The Downfall of Amber Heard | Celebrity Craze

‚ÄúAMBER HEARD‚Äôs SPIRAL DOWNWARD‚Äù The Downfall of Amber Heard | Celebrity Craze

While some celebrities prefer living a quiet life away from the public, others just have so many scandals following them. In this video, we are going to talk about Johnny Depp and Amber Heard, who have been on each other‚Äôs throats ever since they split up and how Amber Heard might be facing jail time for one mistake she made in all this.

#AmberHeardJail‚Äã #AmberHeard‚Äã #AmberHeardCourt‚Äã #JusticeForJohnny #JusticeforJohnnyDepp
------------------------------------------------------------------------------------------------------------------------------
Subscribe: https://www.youtube.com/channel/UC-lZTlG05ETwyjDS1JQCv3w/featured?sub_confirmation=1

This Channel intends to provide the most breaking celeb news, drama and controversies all in one place. Also, information not only about Celebrities from Hollywood Film Industry but also Famous People around the World. We maintain different Playlists which you could come back and watch videos from your desired interest category. 

We also promise to keep our viewers entertained. Thanks for taking your time to checkout the Channel!

Subscribe to never miss a video.",PT8M2S,2d,hd,false,True,rectangular,processed,public,youtube,True,True,False,925,30,0,13,"['celebrity craze', 'celebrity breaking news', 'hollywood life', 'latest celebrity', 'celebrity news', 'celebrity news today', 'celeb news', 'amber heard body cam', 'Johnny depp body cam', 'amber heard', 'Johnny depp', 'amber heard Johnny depp', 'amber heard lapd', 'Johnny depp vs amber heard', 'Johnny depp lawsuit', 'amber heard lawsuit', 'Johnny depp abuse', 'Johnny depp fired', 'amber heard fbi', 'amber heard johnny depp', 'justice for johnny depp', '‚ÄúAMBER HEARD‚Äôs SRIPAL DOWNWARD‚Äù The Downfall of Amber Heard']",en-US,en-US
youtube#video,lnIZonxAuQ0vMXOc3oA88-TlG-E,DzdBqeO7Rpg,2021-12-31T11:00:11Z,UCGXCKfZGFYPxX8QbMX1gSKQ,Living Beyond Your Diagnosis,"FAMILY, this here is my Sister Amber and blood couldn't make us closer. She has a story to tell about how she Lived Beyond Leukemia! This here is a story  that you don't want to miss! Is there something you need to Live Beyond and don't know how? Listen to this!

Amber Social
Instagram: itsamberxo_
Facebook: Amber Mackey

Timothy Social
Instagram: iamtimothygriffin
Facebook: Timothy Griffin

BUY MERCH TODAY: www.iamtimothygriffin.com",https://i.ytimg.com/vi/DzdBqeO7Rpg/default.jpg,120,90,https://i.ytimg.com/vi/DzdBqeO7Rpg/mqdefault.jpg,320,180,https://i.ytimg.com/vi/DzdBqeO7Rpg/hqdefault.jpg,480,360,,,,,,,Timothy Griffin,22,none,Living Beyond Your Diagnosis,"FAMILY, this here is my Sister Amber and blood couldn't make us closer. She has a story to tell about how she Lived Beyond Leukemia! This here is a story  that you don't want to miss! Is there something you need to Live Beyond and don't know how? Listen to this!

Amber Social
Instagram: itsamberxo_
Facebook: Amber Mackey

Timothy Social
Instagram: iamtimothygriffin
Facebook: Timothy Griffin

BUY MERCH TODAY: www.iamtimothygriffin.com",PT24M15S,2d,hd,false,False,rectangular,processed,public,youtube,True,True,False,82,9,0,11,,,
youtube#video,DMpEl0Etl7akxK9MwJDPSUHsuoU,EFusB6rRgU4,2022-01-01T17:00:09Z,UCARdTHKZUUUynYwmwiaLcNg,"Spiders in Amber, Fossils, and Crystals, OH MY! Unboxing Incredible Treasures Sent in Over the Year!","In this one, we unbox a bunch of amazing treasures sent in from other channels and a viewer! Included are some incredible fossil specimens from Michael Van Dyke, breath taking crystal specimens from Du5tin Finds Rocks, a fantastic pile of Michigan Septarians, and even some insect filled amber specimens from Amberscape! We hand pick a few specimens to polish and my gosh are the results amazing! Look forward to seeing more of this material very soon! Those turritella agates and septarians are begging to get cut! I hope you all enjoy this one and I will have another one out very soon!


Make sure to subscribe to the amazing and generous channels that sent us these treasures!

@Michael VanDyke : https://www.youtube.com/channel/UCdOBYmWrGf5tHsQelLdAakw

@Dustin Finds Rocks  : https://www.youtube.com/channel/UCqBqvPtxF8JV9tgufvN47Ww

@Amberscape : https://www.youtube.com/c/Amberscape


Come join my facebook group to share your finds and projects! :
https://www.facebook.com/groups/943030942827086/?ref=share

Check out my Etsy store!:
https://www.etsy.com/shop/SticksandStones406

Follow me on Instagram!:
Instagram: https://www.instagram.com/sticksandstones406/

Follow me on TikTok!:
https://vm.tiktok.com/ZMent6BnL/

Want to binge watch more of the channel? Well check out this playlist filled with all of my channel's highlight moments including hunts, projects, and other shenanigans!:
https://www.youtube.com/playlist?list=PL1lEHNOut8bjJgkY9Xitz83FAzx4vTj0b


Looking for some other fantastic rockhounding and fossil hunting channels to watch? Well check out any of these phenomenal channels for more treasure hunting content!

Wild Kyle: Wild Kyle: https://www.youtube.com/channel/UC1zi7pQArSNOP_utk5GYD5g

Paleocris: https://www.youtube.com/channel/UCJZqxlKJ5ik3iIHmdeIjbQw

Pulitzer Opal: https://www.youtube.com/channel/UCxExUXVDYIqg_F4BJCLPejA

Ozone Fine Art-Ventures: https://www.youtube.com/channel/UCZ5tE7jPq0LEalxUMUozcJQ

406 Findings: https://www.youtube.com/channel/UCO6jL_9BvIIWBzBDAWlQg_g

The Rogue Rockhound: https://www.youtube.com/channel/UCfp7GJ9DUQOlQXjgeL3wt0g

Du5tin Finds Rocks: https://www.youtube.com/channel/UCqBqvPtxF8JV9tgufvN47Ww

Michael Van Dyke: https://www.youtube.com/channel/UCdOBYmWrGf5tHsQelLdAakw

Rockhounding Adventures: https://www.youtube.com/channel/UC1POk-1XYcIunpMiOTur-VQ

Agate Angler: https://www.youtube.com/channel/UCv5knxUQY5V1-px5TIKLeXQ

World of Rockhounds: https://www.youtube.com/channel/UCSKUPfukjjYWNmnvhKX549w

Montana Rock Mom: https://www.youtube.com/channel/UCL8BDhokuu88XNFyCXW7Ndw

Gravel Bar Hopper: https://www.youtube.com/channel/UCj9CMbBJkNru3TEM3pTi62Q

Marlaina Atkins: https://www.youtube.com/user/jmrlsatkins

Rockhounding Life: https://www.youtube.com/channel/UCuYng49_kuFmueD_Nziwi2A

Agate Enchantment & Rock Wizardry: https://www.youtube.com/channel/UC_CJiyFcx_wewXtfLv52l7g

Currently Rockhounding: https://www.youtube.com/channel/UCoHQzOP2GH5WUiFCIOCX8eQ

Katydid Rocks!: https://www.youtube.com/user/bigskyartworks

Agate Dad: https://www.youtube.com/channel/UCkXGbf13yNPDgZStw4ReBaw

Quest for Details: https://www.youtube.com/channel/UCuWAJM_eZwALqPva3JEzDDw

Rookie Rockhounding: https://www.youtube.com/user/CrazyCrazySillyFresh

Mamlambo: https://www.youtube.com/channel/UCihsB_IfuH2f5sGd5JbuAVw

Michigan Rocks: https://www.youtube.com/user/jugglerguy1

#TheFinders #Rockhounding #Unboxing",https://i.ytimg.com/vi/EFusB6rRgU4/default.jpg,120,90,https://i.ytimg.com/vi/EFusB6rRgU4/mqdefault.jpg,320,180,https://i.ytimg.com/vi/EFusB6rRgU4/hqdefault.jpg,480,360,,,,,,,Theo Kellison,27,none,"Spiders in Amber, Fossils, and Crystals, OH MY! Unboxing Incredible Treasures Sent in Over the Year!","In this one, we unbox a bunch of amazing treasures sent in from other channels and a viewer! Included are some incredible fossil specimens from Michael Van Dyke, breath taking crystal specimens from Du5tin Finds Rocks, a fantastic pile of Michigan Septarians, and even some insect filled amber specimens from Amberscape! We hand pick a few specimens to polish and my gosh are the results amazing! Look forward to seeing more of this material very soon! Those turritella agates and septarians are begging to get cut! I hope you all enjoy this one and I will have another one out very soon!


Make sure to subscribe to the amazing and generous channels that sent us these treasures!

@Michael VanDyke : https://www.youtube.com/channel/UCdOBYmWrGf5tHsQelLdAakw

@Dustin Finds Rocks  : https://www.youtube.com/channel/UCqBqvPtxF8JV9tgufvN47Ww

@Amberscape : https://www.youtube.com/c/Amberscape


Come join my facebook group to share your finds and projects! :
https://www.facebook.com/groups/943030942827086/?ref=share

Check out my Etsy store!:
https://www.etsy.com/shop/SticksandStones406

Follow me on Instagram!:
Instagram: https://www.instagram.com/sticksandstones406/

Follow me on TikTok!:
https://vm.tiktok.com/ZMent6BnL/

Want to binge watch more of the channel? Well check out this playlist filled with all of my channel's highlight moments including hunts, projects, and other shenanigans!:
https://www.youtube.com/playlist?list=PL1lEHNOut8bjJgkY9Xitz83FAzx4vTj0b


Looking for some other fantastic rockhounding and fossil hunting channels to watch? Well check out any of these phenomenal channels for more treasure hunting content!

Wild Kyle: Wild Kyle: https://www.youtube.com/channel/UC1zi7pQArSNOP_utk5GYD5g

Paleocris: https://www.youtube.com/channel/UCJZqxlKJ5ik3iIHmdeIjbQw

Pulitzer Opal: https://www.youtube.com/channel/UCxExUXVDYIqg_F4BJCLPejA

Ozone Fine Art-Ventures: https://www.youtube.com/channel/UCZ5tE7jPq0LEalxUMUozcJQ

406 Findings: https://www.youtube.com/channel/UCO6jL_9BvIIWBzBDAWlQg_g

The Rogue Rockhound: https://www.youtube.com/channel/UCfp7GJ9DUQOlQXjgeL3wt0g

Du5tin Finds Rocks: https://www.youtube.com/channel/UCqBqvPtxF8JV9tgufvN47Ww

Michael Van Dyke: https://www.youtube.com/channel/UCdOBYmWrGf5tHsQelLdAakw

Rockhounding Adventures: https://www.youtube.com/channel/UC1POk-1XYcIunpMiOTur-VQ

Agate Angler: https://www.youtube.com/channel/UCv5knxUQY5V1-px5TIKLeXQ

World of Rockhounds: https://www.youtube.com/channel/UCSKUPfukjjYWNmnvhKX549w

Montana Rock Mom: https://www.youtube.com/channel/UCL8BDhokuu88XNFyCXW7Ndw

Gravel Bar Hopper: https://www.youtube.com/channel/UCj9CMbBJkNru3TEM3pTi62Q

Marlaina Atkins: https://www.youtube.com/user/jmrlsatkins

Rockhounding Life: https://www.youtube.com/channel/UCuYng49_kuFmueD_Nziwi2A

Agate Enchantment & Rock Wizardry: https://www.youtube.com/channel/UC_CJiyFcx_wewXtfLv52l7g

Currently Rockhounding: https://www.youtube.com/channel/UCoHQzOP2GH5WUiFCIOCX8eQ

Katydid Rocks!: https://www.youtube.com/user/bigskyartworks

Agate Dad: https://www.youtube.com/channel/UCkXGbf13yNPDgZStw4ReBaw

Quest for Details: https://www.youtube.com/channel/UCuWAJM_eZwALqPva3JEzDDw

Rookie Rockhounding: https://www.youtube.com/user/CrazyCrazySillyFresh

Mamlambo: https://www.youtube.com/channel/UCihsB_IfuH2f5sGd5JbuAVw

Michigan Rocks: https://www.youtube.com/user/jugglerguy1

#TheFinders #Rockhounding #Unboxing",PT20M21S,2d,hd,false,True,rectangular,processed,public,youtube,True,True,False,4191,474,0,89,"['rock', 'rocks', 'fossils', 'fossil', 'amber', 'amber insects', 'insect fossil', 'spider in amber', 'inclusions', 'crystal', 'quartz', 'quartz crystals', 'druzy', 'druse', 'druzy quartz', 'sparkle', 'smoky quartz', 'clear quartz', 'marcasite', 'agate', 'lace agate', 'moss agate', 'turritella', 'turritella agate', 'gastropods', 'gastropod fossil', 'snail fossil', 'marine fossil', 'ammonite', 'ammonite fossil', 'baculites', 'calcite', 'calcified', 'sutures', 'polished', 'polished specimen', 'lapidary', 'rockhounding', '#TheFinders', 'fossil prep', 'ammolite', 'Montana', 'baltic amber']",,en-US
youtube#video,4MFu8IDts3JwrH6a2zmHfYOUAOk,EhnMV3_qgdY,2021-05-06T19:15:00Z,UCtPUM6WI2ff-0noWTW4sj0g,Amber Heard Luxury Lifestyle 2021 ‚òÖ Net worth | Income | House | Cars | Husband | Family | Age,"Amber Heard Lifestyle and Net Worth 2021
Subscribe to our channel üíóüëá
http://www.youtube.com/c/CelebrityRewind?sub_confirmation=1

If you are one that is regular in keeping up with celebrity gossip, the star we shall be uncovering today has been pretty regular on the news, not in a positive stance though. Want another hint? Well, she is a part of one of the biggest divorce stories of the decade. Haven‚Äôt got the answer yet? Tune in to find out which A-lister we‚Äôll be gossiping about today.

In today‚Äôs video, we shall be uncovering details about the beautiful blonde, Amber Heard. The various aspects that we shall be looking into include her age, family, career, early life, income, net worth, relationships, houses, cars, and much more. 

 #Lifestyle #NetWorth #2021
‚ñ¨‚ñ¨‚ñ¨‚ñ¨‚ñ¨‚ñ¨‚ñ¨‚ñ¨‚ñ¨‚ñ¨‚ñ¨‚ñ¨‚ñ¨‚ñ¨‚ñ¨‚ñ¨‚ñ¨‚ñ¨‚ñ¨‚ñ¨‚ñ¨‚ñ¨‚ñ¨‚ñ¨‚ñ¨
In this video we take a look inside Amber Heard's life. 
Amber Heard Biography,
Amber Heard Lifestyle,
Amber Heard Husband,
Amber Heard Net Worth,
Amber Heard Income, 
Amber Heard House, 
Amber Heard Cars, 
Amber Heard Family, 
Amber Heard Age,
‚ñ¨‚ñ¨‚ñ¨‚ñ¨‚ñ¨‚ñ¨‚ñ¨‚ñ¨‚ñ¨‚ñ¨‚ñ¨‚ñ¨‚ñ¨‚ñ¨‚ñ¨‚ñ¨‚ñ¨‚ñ¨‚ñ¨‚ñ¨‚ñ¨‚ñ¨‚ñ¨‚ñ¨‚ñ¨
Check out our other videos! üíó
1. Billie Eilish Lifestyle 2021 | https://youtu.be/rfWlti24e3s
2. Kylie Jenner Lifestyle 2021 | https://youtu.be/zHG374aYjEw
3. Kanye West Lifestyle 2021 | https://youtu.be/VXmLAe0aikg
4. MrBeast Lifestyle 2021 | https://youtu.be/27KGT_AiLhU
5. Bella Poarch Lifestyle 2021 | https://youtu.be/3qi2431OUyk
6. Charli D'Amelio Lifestyle 2021 | https://youtu.be/xjKVd4PJtoQ
7. Larray Lifestyle 2021 | https://youtu.be/Q7qFYT5wH5s
8. Addison Rae Lifestyle 2021 | https://youtu.be/NSSHoN8q9oA
9. Ariana Grande Lifestyle 2021 | https://youtu.be/gTqNzF39R_o
10. Selena Gomez Lifestyle 2021| https://youtu.be/kynXL3WnZvc
‚ñ¨‚ñ¨‚ñ¨‚ñ¨‚ñ¨‚ñ¨‚ñ¨‚ñ¨‚ñ¨‚ñ¨‚ñ¨‚ñ¨‚ñ¨‚ñ¨‚ñ¨‚ñ¨‚ñ¨‚ñ¨‚ñ¨‚ñ¨‚ñ¨‚ñ¨‚ñ¨‚ñ¨‚ñ¨
For business inquiries please contact CelebrityRewind@gmail.com",https://i.ytimg.com/vi/EhnMV3_qgdY/default.jpg,120,90,https://i.ytimg.com/vi/EhnMV3_qgdY/mqdefault.jpg,320,180,https://i.ytimg.com/vi/EhnMV3_qgdY/hqdefault.jpg,480,360,https://i.ytimg.com/vi/EhnMV3_qgdY/sddefault.jpg,640.0,480.0,,,,Celebrity Rewind,24,none,Amber Heard Luxury Lifestyle 2021 ‚òÖ Net worth | Income | House | Cars | Husband | Family | Age,"Amber Heard Lifestyle and Net Worth 2021
Subscribe to our channel üíóüëá
http://www.youtube.com/c/CelebrityRewind?sub_confirmation=1

If you are one that is regular in keeping up with celebrity gossip, the star we shall be uncovering today has been pretty regular on the news, not in a positive stance though. Want another hint? Well, she is a part of one of the biggest divorce stories of the decade. Haven‚Äôt got the answer yet? Tune in to find out which A-lister we‚Äôll be gossiping about today.

In today‚Äôs video, we shall be uncovering details about the beautiful blonde, Amber Heard. The various aspects that we shall be looking into include her age, family, career, early life, income, net worth, relationships, houses, cars, and much more. 

 #Lifestyle #NetWorth #2021
‚ñ¨‚ñ¨‚ñ¨‚ñ¨‚ñ¨‚ñ¨‚ñ¨‚ñ¨‚ñ¨‚ñ¨‚ñ¨‚ñ¨‚ñ¨‚ñ¨‚ñ¨‚ñ¨‚ñ¨‚ñ¨‚ñ¨‚ñ¨‚ñ¨‚ñ¨‚ñ¨‚ñ¨‚ñ¨
In this video we take a look inside Amber Heard's life. 
Amber Heard Biography,
Amber Heard Lifestyle,
Amber Heard Husband,
Amber Heard Net Worth,
Amber Heard Income, 
Amber Heard House, 
Amber Heard Cars, 
Amber Heard Family, 
Amber Heard Age,
‚ñ¨‚ñ¨‚ñ¨‚ñ¨‚ñ¨‚ñ¨‚ñ¨‚ñ¨‚ñ¨‚ñ¨‚ñ¨‚ñ¨‚ñ¨‚ñ¨‚ñ¨‚ñ¨‚ñ¨‚ñ¨‚ñ¨‚ñ¨‚ñ¨‚ñ¨‚ñ¨‚ñ¨‚ñ¨
Check out our other videos! üíó
1. Billie Eilish Lifestyle 2021 | https://youtu.be/rfWlti24e3s
2. Kylie Jenner Lifestyle 2021 | https://youtu.be/zHG374aYjEw
3. Kanye West Lifestyle 2021 | https://youtu.be/VXmLAe0aikg
4. MrBeast Lifestyle 2021 | https://youtu.be/27KGT_AiLhU
5. Bella Poarch Lifestyle 2021 | https://youtu.be/3qi2431OUyk
6. Charli D'Amelio Lifestyle 2021 | https://youtu.be/xjKVd4PJtoQ
7. Larray Lifestyle 2021 | https://youtu.be/Q7qFYT5wH5s
8. Addison Rae Lifestyle 2021 | https://youtu.be/NSSHoN8q9oA
9. Ariana Grande Lifestyle 2021 | https://youtu.be/gTqNzF39R_o
10. Selena Gomez Lifestyle 2021| https://youtu.be/kynXL3WnZvc
‚ñ¨‚ñ¨‚ñ¨‚ñ¨‚ñ¨‚ñ¨‚ñ¨‚ñ¨‚ñ¨‚ñ¨‚ñ¨‚ñ¨‚ñ¨‚ñ¨‚ñ¨‚ñ¨‚ñ¨‚ñ¨‚ñ¨‚ñ¨‚ñ¨‚ñ¨‚ñ¨‚ñ¨‚ñ¨
For business inquiries please contact CelebrityRewind@gmail.com",PT8M49S,2d,hd,false,True,rectangular,processed,public,youtube,True,True,False,419,4,0,3,"['Amber Heard', 'Amber Heard Biography', 'Amber Heard Lifestyle', 'Amber Heard Husband', 'Amber Heard Net Worth', 'Amber Heard Income', 'Amber Heard House', 'Amber Heard Cars', 'Amber Heard Family', 'amber heard johnny depp', 'amber heard apology', 'amber heard aquaman', 'amber heard deposition', 'amber heard elon musk', 'amber heard being rude', 'amber heard rtl late night', 'amber heard fired', 'amber heard court', 'Celebrity Rewind', 'Lifestyle', 'Net Worth', 'lifestyle', 'net worth', 'Lifestyle & Net Worth', '2021']",en,en
youtube#video,_lgLxywGf-M-aOrVps3wgSqpLr4,eKSUgk7Z6hk,2022-01-01T22:49:45Z,UCCzJ7JXo6J-nZuFqKccxVzQ,GEMINI ‚ù§Ô∏è WHAT THE HECK ARE THEY BACK FOR!! ‚ù§Ô∏è LOVE JANUARY 2022,"üôè ‚ú® Hello, beautiful soul! My name is Amber. Welcome ‚Ä¶ 

Want video access up to 2-weeks early, bonus content, reiki distance healing ‚ûù https://www.patreon.com/livesinsyncllc

To book a reading‚ûù https://www.livesinsync.com/book-a-reading.html    (Tarot Reading Companion E-book FREE with every Full Reading)

‚ú®CHANNEL SCHEDULE‚ú®
MONTHLY General for each sign / MONTHLY ‚ÄúYour Love Story‚Äù for each sign/ Weekend Reading / Birthday Reading / Special Bonus Readings ( 3 mth, mid year, end of year, new year, etc.)

üéÅ FREEBIES üéÅ
‚Ä¢ Moon Manifesting Worksheets‚ûù https://www.livesinsync.com/moon-manifesting.html  (Patreon videos posted before New & Full moon)
‚Ä¢ Abundance Manifesting Check‚ûù https://www.livesinsync.com/law-of-abundance-check.html 
‚Ä¢ Goal Planning Sheets‚ûù https://www.livesinsync.com/goal-planning.html 

üëº  Feeling generous?  üëº 
‚Ä¢ Donation‚ûù http://www.paypal.me/livesinsync.  
‚Ä¢ Donate a deck ‚ûù https://www.amazon.com/hz/wishlist/ls/1UBMCZN15OAFH?ref_=wl_share

üé• Follow me üé•
‚Ä¢ Facebook‚ûù https://www.facebook.com/livesinsyncllc (weekly energy, transits, moment of mindfulness, etc.)
‚Ä¢ Instagram‚ûù https://www.instagram.com/livesinsync (weekly energy, transits, moment of mindfulness, etc.)

üåõ Don‚Äôt know your sun, moon or rising signs? üåú 
 It is FREE! Visit http://astro.cafeastrology.com/natal.php 

Disclaimer:
Tarot readings are for entertainment purposes only and should NEVER take the place of psychological, medical, legal, or financial professional services. Lives in Sync and Amber accepts no liability or responsibility for any action a client chooses to take.

This reading is for #Gemini #love #january #TwinFlame #general #career #spirit #guidance #Soulmate #TarotReading #tarot #2022",https://i.ytimg.com/vi/eKSUgk7Z6hk/default.jpg,120,90,https://i.ytimg.com/vi/eKSUgk7Z6hk/mqdefault.jpg,320,180,https://i.ytimg.com/vi/eKSUgk7Z6hk/hqdefault.jpg,480,360,https://i.ytimg.com/vi/eKSUgk7Z6hk/sddefault.jpg,640.0,480.0,https://i.ytimg.com/vi/eKSUgk7Z6hk/maxresdefault.jpg,1280.0,720.0,Lives in Sync,27,none,GEMINI ‚ù§Ô∏è WHAT THE HECK ARE THEY BACK FOR!! ‚ù§Ô∏è LOVE JANUARY 2022,"üôè ‚ú® Hello, beautiful soul! My name is Amber. Welcome ‚Ä¶ 

Want video access up to 2-weeks early, bonus content, reiki distance healing ‚ûù https://www.patreon.com/livesinsyncllc

To book a reading‚ûù https://www.livesinsync.com/book-a-reading.html    (Tarot Reading Companion E-book FREE with every Full Reading)

‚ú®CHANNEL SCHEDULE‚ú®
MONTHLY General for each sign / MONTHLY ‚ÄúYour Love Story‚Äù for each sign/ Weekend Reading / Birthday Reading / Special Bonus Readings ( 3 mth, mid year, end of year, new year, etc.)

üéÅ FREEBIES üéÅ
‚Ä¢ Moon Manifesting Worksheets‚ûù https://www.livesinsync.com/moon-manifesting.html  (Patreon videos posted before New & Full moon)
‚Ä¢ Abundance Manifesting Check‚ûù https://www.livesinsync.com/law-of-abundance-check.html 
‚Ä¢ Goal Planning Sheets‚ûù https://www.livesinsync.com/goal-planning.html 

üëº  Feeling generous?  üëº 
‚Ä¢ Donation‚ûù http://www.paypal.me/livesinsync.  
‚Ä¢ Donate a deck ‚ûù https://www.amazon.com/hz/wishlist/ls/1UBMCZN15OAFH?ref_=wl_share

üé• Follow me üé•
‚Ä¢ Facebook‚ûù https://www.facebook.com/livesinsyncllc (weekly energy, transits, moment of mindfulness, etc.)
‚Ä¢ Instagram‚ûù https://www.instagram.com/livesinsync (weekly energy, transits, moment of mindfulness, etc.)

üåõ Don‚Äôt know your sun, moon or rising signs? üåú 
 It is FREE! Visit http://astro.cafeastrology.com/natal.php 

Disclaimer:
Tarot readings are for entertainment purposes only and should NEVER take the place of psychological, medical, legal, or financial professional services. Lives in Sync and Amber accepts no liability or responsibility for any action a client chooses to take.

This reading is for #Gemini #love #january #TwinFlame #general #career #spirit #guidance #Soulmate #TarotReading #tarot #2022",PT11M13S,2d,hd,false,True,rectangular,processed,public,youtube,True,True,False,1811,111,0,,"['january', 'jan', 'February', 'feb', 'march', 'april', 'may', 'june', 'july', 'august', 'september', 'october', 'november', 'december', 'mar', 'aug', 'sep', 'nov', 'dec', 'tarot', 'reading', 'lives in sync', 'Aries', 'Taurus', 'gemini', 'cancer', 'leo', 'virgo', 'libra', 'scorpio', 'sagittarius', 'capricorn', 'aquarius', 'pisces', 'love', 'general', 'career', 'spiritual', 'single', 'couples', 'month', 'your love story', 'intuitive', 'psychic', 'twin flame', 'true love', 'family', 'ari', 'tau', 'gem', 'can', 'vig', 'sco', 'sag', 'cap', 'aqua', 'pis', 'new moon', 'full moon', 'transit', 'earth', 'air', 'fire', 'water', 'birthday', 'bonus', 'mid', 'collective']",,
youtube#video,NfQE-p9XsWoKbD6WeUevBfye3TU,Ln9j6mfKUN8,2022-01-01T13:52:50Z,UCiTPyhW_lEBoYHwc3xtBlFg,"First rule of marvel , don't talk about marvel","#youtubeshorts #youtube #shorts 
#marvel #dc #superheroes #siperman
#jhonnydepp #jhonny #depp #rdj #amber #heard
#kanyewest #kanye #west #yeezey
#grammies #drake #jcole #eminem #hiphop
#hiphop #rapper #blueface #drake #kendricklamar #music
#billboard #ariana #grande
#thuglife #thug #life #jokes
#funny #meme #memes #hilarious #tiktok #vines #omegle
#shotoniPhonememe #shotoniphone #memes",https://i.ytimg.com/vi/Ln9j6mfKUN8/default.jpg,120,90,https://i.ytimg.com/vi/Ln9j6mfKUN8/mqdefault.jpg,320,180,https://i.ytimg.com/vi/Ln9j6mfKUN8/hqdefault.jpg,480,360,,,,,,,MenOfCulture_FC,22,none,"First rule of marvel , don't talk about marvel","#youtubeshorts #youtube #shorts 
#marvel #dc #superheroes #siperman
#jhonnydepp #jhonny #depp #rdj #amber #heard
#kanyewest #kanye #west #yeezey
#grammies #drake #jcole #eminem #hiphop
#hiphop #rapper #blueface #drake #kendricklamar #music
#billboard #ariana #grande
#thuglife #thug #life #jokes
#funny #meme #memes #hilarious #tiktok #vines #omegle
#shotoniPhonememe #shotoniphone #memes",PT11S,2d,hd,false,False,rectangular,processed,public,youtube,True,True,False,4,1,0,0,,,
youtube#video,GVrPSFaY7YThNf-HNRevz42kKag,NgejrQftIKw,2022-01-02T15:21:46Z,UCnt2IBvxywb99E-IMlovwPw,James Franco deposed over Amber Heard tiktok charlesperalo,"Hope you enjoy the celebrity videos we provided.
Subscribe us for more daily content.

Our channel provide the latest news from the world of stars, celebrities, singers and more. Interesting facts from the life of celebrities, see how celebrities are surprising fans.

Disclaimer: The video clips posted on this channel are not owned by the channel itself.

Tags:
pop culture , hailey bieber, Kourtney Kardashian , Travis Barker , tyga , jail , SNL , kim kardashian , halloween costume , halloween , vaccine corona , vaccine , covid 19 , corona , nicki , met gala , simu liu , marvel , shang chi , disney , drakeandjosh , nickelodeon , galaxy , stars , jojo siwa , dancing with the stars , Shorts pansexual , hollywood , beetlejuice , howard stern show , howard stern , adriana lima , cardi B , billionaire, addison rae , red lobster , shorts , tiktok , adam levine , anya taylor-joy , ariana grande , bella thorne , top 10 , billie eilish crochet , celeb hidden talents , demi lovato , kendall jenner , queen‚Äôs gambit actress , tom holland , top 10 actors , zac efron face , zendaya movie , celebrity fashion , zendaya
 , zendaya talent , billie eilish talent , Billie eilish , thethings celebrity , celebrity talent , tom holland gymnastic , jimmy fallon , booming entertainment , reporters , top 10 list , billie eilish , justin bieber , ariana grande , selena gomez , taylor swift , robert pattinson , harry styles , miley cyrus , celebrity , ellen , kylie jenner , john cena , shawn mendes , compilation , tom holland , saturday night live , interview , interviews , the rock , updated version , demi lovato , chris hemsworth , michelle obama , will smith , jennifer lawrence , celeb , zac efron , celebloungechannel , dwayne johnson , celebrities , adam levine, one direction

#Shorts #celebrities #tiktok #hollywood",https://i.ytimg.com/vi/NgejrQftIKw/default.jpg,120,90,https://i.ytimg.com/vi/NgejrQftIKw/mqdefault.jpg,320,180,https://i.ytimg.com/vi/NgejrQftIKw/hqdefault.jpg,480,360,,,,,,,Celebrity Days,22,none,James Franco deposed over Amber Heard tiktok charlesperalo,"Hope you enjoy the celebrity videos we provided.
Subscribe us for more daily content.

Our channel provide the latest news from the world of stars, celebrities, singers and more. Interesting facts from the life of celebrities, see how celebrities are surprising fans.

Disclaimer: The video clips posted on this channel are not owned by the channel itself.

Tags:
pop culture , hailey bieber, Kourtney Kardashian , Travis Barker , tyga , jail , SNL , kim kardashian , halloween costume , halloween , vaccine corona , vaccine , covid 19 , corona , nicki , met gala , simu liu , marvel , shang chi , disney , drakeandjosh , nickelodeon , galaxy , stars , jojo siwa , dancing with the stars , Shorts pansexual , hollywood , beetlejuice , howard stern show , howard stern , adriana lima , cardi B , billionaire, addison rae , red lobster , shorts , tiktok , adam levine , anya taylor-joy , ariana grande , bella thorne , top 10 , billie eilish crochet , celeb hidden talents , demi lovato , kendall jenner , queen‚Äôs gambit actress , tom holland , top 10 actors , zac efron face , zendaya movie , celebrity fashion , zendaya
 , zendaya talent , billie eilish talent , Billie eilish , thethings celebrity , celebrity talent , tom holland gymnastic , jimmy fallon , booming entertainment , reporters , top 10 list , billie eilish , justin bieber , ariana grande , selena gomez , taylor swift , robert pattinson , harry styles , miley cyrus , celebrity , ellen , kylie jenner , john cena , shawn mendes , compilation , tom holland , saturday night live , interview , interviews , the rock , updated version , demi lovato , chris hemsworth , michelle obama , will smith , jennifer lawrence , celeb , zac efron , celebloungechannel , dwayne johnson , celebrities , adam levine, one direction

#Shorts #celebrities #tiktok #hollywood",PT1M,2d,hd,false,False,rectangular,processed,public,youtube,True,True,False,546,19,0,0,"['jimmy fallon', 'billie eilish', 'justin bieber', 'ariana grande', 'selena gomez', 'taylor swift', 'robert pattinson', 'harry styles', 'miley cyrus', 'celebrity', 'kylie jenner', 'shawn mendes', 'compilation', 'tom holland', 'saturday night live', 'the rock', 'demi lovato', 'chris hemsworth', 'michelle obama', 'will smith', 'jennifer lawrence', 'celeb', 'dwayne johnson', 'celebrities', 'adam levine', 'top 10', 'celebrity fashion', 'tiktok', 'celebrity news', 'celebrity days', 'hollywood', 'hailey bieber', 'gigi hadid', 'Shorts', 'pop culture']",en,en
youtube#video,lO4i0-HDjCTEM6c3M5pI6mHGOd4,wW-RK-0h4kc,2022-01-02T17:00:39Z,UCJPOs6kI_s7YpXgSWIM01ZQ,Judge Gives Johnny Depp Access To Amber Heard‚Äôs Phone Records And This Happens,"Judge Gives Johnny Depp Access To Amber Heard‚Äôs Phone Records And This Happens
Subscribe to Binge Watch -  http://tiny.cc/bingewatch

WATCH NEXT üëáüèª

How Amber Heard Destroyed Her Own Career
https://youtu.be/gEfWUbRfFR8

Related videos:

""She's Done"" Judge Reveals Giving Johnny Depp Access To Amber Heard's Phone Records
https://youtu.be/EByDV-bbgTI


In this installment, we&#39;ll finally reveal if Amber Heard&#39;s bruises were fake or not!
Can‚Äôt wait to know the truth? I bet! So, make sure you stay till the end of the video.
They say nothing lasts forever and Amber Heard and Johnny Depp‚Äôs court case seems to be finalized soon. And not in Amber Heard‚Äôs favor. Recently, a Virginia judge ruled Johnny Depp‚Äôs legal team can have an expert look at Amber Heard‚Äôs phone records and other devices to examine if the photos with bruises were fabricated.
According to Johnny Depp and his legal team, Amber Heard faked the photos of herself having a black eye and claimed it was Johnny Depp who did that to her back in 2015 to ruin his life and career. Johnny Depp‚Äôs lawyer, Benjamin Chew, alleged to the Circuit Court of Fairfax Country in a court filing that ‚ÄúMs. Heard‚Äôs counsel has repeatedly used these phony photographs at deposition‚Äù.
Also, JD is convinced that it would be possible to prove that Amber faked photos because even the police officers who responded to the 2015 incident between Johnny Depp and Amber Heard, ‚Äúfound no injury upon Ms. Heard and no disruption to the penthouses.&quot; This information was published by Page Six as well. Page Six also published the information that JD&#39;s attorney, Benjamin Chew,
alleged in his court filing. The statement said: &quot;Ms. Heard and her friends then fabricated photos that she used to obtain an ex parte TRO [temporary restraining order] and a $7 million divorce settlement&quot;.
But not only the police officers and Johnny Depp can confirm that Amber Heard actually was safe and sound and had no injuries. Amber‚Äôs former friend Laura Divenere, who furnished the ex-couple&#39;s Los Angeles penthouse, said in her witness statement she never saw Amber Heard with any injuries. She even claimed
in her written statement that Amber Heard never spoke about being the victim of domestic abuse in her relationship with Johnny Depp. Moreover, Laura was there with Amber after the alleged fight and she officially confirmed that Amber was
alright. In her testimony to the US court, Laura said: ‚ÄúOn those days, I worked with Amber, retrieved packages for her, rode elevators with her, and saw her up close in person.‚Äù
‚ÄúOn none of those days immediately following the abuse claims did I observe any signs of physical abuse or injury, including redness, swelling, cuts, bruising, or damage of any kind. I never saw Amber injured in any way, although I am now aware that she has had many abuse claims‚Äù.
Another person, who clearly confirmed that Amber‚Äôs face didn‚Äôt have any injuries, was her makeup artist and stylist, Samantha McMillan. She said: ‚ÄúThroughout the day of December 16, 2015, I could see clearly that Amber Heard did not have any visible marks, bruises, cuts, or injuries to her face or any other part of her body‚Äù. Moreover, Amber Heard appeared on James Corden&#39;s US TV show the day after the alleged attack and said none of her injuries were visible because they were covered with make-up. Well, hardly the makeup can cover the injuries Amber
Heard allegedly had. She told the court she had &quot;two black eyes, a broken nose and
broken lip, bruises all over my body, bruises on my forearm&quot;. &quot;I think I had bruises
on my chin, chunks of my hair were missing, pus was in the wounds on my
hairline,&quot; she alleged. What kind of makeup can help with that?
A tape of her appearance on the show was played in court and Eleanor Laws QC, for Depp, asked Heard: &quot;That&#39;s what you looked like on the show. There is no sign of you having any injuries.&quot; Amber Heard replied: &quot;I have tons of injuries.&quot; Ms Laws then said, &quot;You don&#39;t have a split lip&quot;, and Heard replied, &quot;Of course I do,&quot; adding she &quot;caked on red lipstick&quot; and &quot;caked on makeup&quot; to cover her injuries.



Binge Watch - Binge Watch is the best source of the latest celebrity news. Want to see what's trending today in the Hollywood life or hear about the newest celeb gossip? You're in the right place. 

Consider subscribing to not miss out on what's trending today in the life of the world's biggest stars.

#BingeWatch #celebrity #news",https://i.ytimg.com/vi/wW-RK-0h4kc/default.jpg,120,90,https://i.ytimg.com/vi/wW-RK-0h4kc/mqdefault.jpg,320,180,https://i.ytimg.com/vi/wW-RK-0h4kc/hqdefault.jpg,480,360,,,,,,,Binge Watch,22,none,Judge Gives Johnny Depp Access To Amber Heard‚Äôs Phone Records And This Happens,"Judge Gives Johnny Depp Access To Amber Heard‚Äôs Phone Records And This Happens
Subscribe to Binge Watch -  http://tiny.cc/bingewatch

WATCH NEXT üëáüèª

How Amber Heard Destroyed Her Own Career
https://youtu.be/gEfWUbRfFR8

Related videos:

""She's Done"" Judge Reveals Giving Johnny Depp Access To Amber Heard's Phone Records
https://youtu.be/EByDV-bbgTI


In this installment, we&#39;ll finally reveal if Amber Heard&#39;s bruises were fake or not!
Can‚Äôt wait to know the truth? I bet! So, make sure you stay till the end of the video.
They say nothing lasts forever and Amber Heard and Johnny Depp‚Äôs court case seems to be finalized soon. And not in Amber Heard‚Äôs favor. Recently, a Virginia judge ruled Johnny Depp‚Äôs legal team can have an expert look at Amber Heard‚Äôs phone records and other devices to examine if the photos with bruises were fabricated.
According to Johnny Depp and his legal team, Amber Heard faked the photos of herself having a black eye and claimed it was Johnny Depp who did that to her back in 2015 to ruin his life and career. Johnny Depp‚Äôs lawyer, Benjamin Chew, alleged to the Circuit Court of Fairfax Country in a court filing that ‚ÄúMs. Heard‚Äôs counsel has repeatedly used these phony photographs at deposition‚Äù.
Also, JD is convinced that it would be possible to prove that Amber faked photos because even the police officers who responded to the 2015 incident between Johnny Depp and Amber Heard, ‚Äúfound no injury upon Ms. Heard and no disruption to the penthouses.&quot; This information was published by Page Six as well. Page Six also published the information that JD&#39;s attorney, Benjamin Chew,
alleged in his court filing. The statement said: &quot;Ms. Heard and her friends then fabricated photos that she used to obtain an ex parte TRO [temporary restraining order] and a $7 million divorce settlement&quot;.
But not only the police officers and Johnny Depp can confirm that Amber Heard actually was safe and sound and had no injuries. Amber‚Äôs former friend Laura Divenere, who furnished the ex-couple&#39;s Los Angeles penthouse, said in her witness statement she never saw Amber Heard with any injuries. She even claimed
in her written statement that Amber Heard never spoke about being the victim of domestic abuse in her relationship with Johnny Depp. Moreover, Laura was there with Amber after the alleged fight and she officially confirmed that Amber was
alright. In her testimony to the US court, Laura said: ‚ÄúOn those days, I worked with Amber, retrieved packages for her, rode elevators with her, and saw her up close in person.‚Äù
‚ÄúOn none of those days immediately following the abuse claims did I observe any signs of physical abuse or injury, including redness, swelling, cuts, bruising, or damage of any kind. I never saw Amber injured in any way, although I am now aware that she has had many abuse claims‚Äù.
Another person, who clearly confirmed that Amber‚Äôs face didn‚Äôt have any injuries, was her makeup artist and stylist, Samantha McMillan. She said: ‚ÄúThroughout the day of December 16, 2015, I could see clearly that Amber Heard did not have any visible marks, bruises, cuts, or injuries to her face or any other part of her body‚Äù. Moreover, Amber Heard appeared on James Corden&#39;s US TV show the day after the alleged attack and said none of her injuries were visible because they were covered with make-up. Well, hardly the makeup can cover the injuries Amber
Heard allegedly had. She told the court she had &quot;two black eyes, a broken nose and
broken lip, bruises all over my body, bruises on my forearm&quot;. &quot;I think I had bruises
on my chin, chunks of my hair were missing, pus was in the wounds on my
hairline,&quot; she alleged. What kind of makeup can help with that?
A tape of her appearance on the show was played in court and Eleanor Laws QC, for Depp, asked Heard: &quot;That&#39;s what you looked like on the show. There is no sign of you having any injuries.&quot; Amber Heard replied: &quot;I have tons of injuries.&quot; Ms Laws then said, &quot;You don&#39;t have a split lip&quot;, and Heard replied, &quot;Of course I do,&quot; adding she &quot;caked on red lipstick&quot; and &quot;caked on makeup&quot; to cover her injuries.



Binge Watch - Binge Watch is the best source of the latest celebrity news. Want to see what's trending today in the Hollywood life or hear about the newest celeb gossip? You're in the right place. 

Consider subscribing to not miss out on what's trending today in the life of the world's biggest stars.

#BingeWatch #celebrity #news",PT8M4S,2d,hd,false,True,rectangular,processed,public,youtube,True,True,False,15267,367,0,139,"['binge watch', 'bingewatch', 'news', 'latest celebrity', 'celebrity news', 'trending', 'celeb news', 'johnny depp appeal', 'amber heard', 'amber heard lawsuit', 'johnny depp loses case', 'johnny depp news', 'amber heard aquaman 2', 'amber heard judge ruling', 'johnny depp suing amber heard', 'johnny depp sues amber heard', 'amber heard johnny depp', 'amber heard judge', 'justice for johnny depp', 'amber heard loses in court', 'johnny depp vs amber heard', 'johnny depp amber heard court', 'amber heard defamation lawsuit']",,en-US
youtube#video,_6BfXHc0f4Lb8TJXsr7elmGBDmc,yU55IIAEoEg,2015-05-18T09:50:15Z,UCPT71dVKwido9TMrJmqKtZQ,Johnny Depp & Amber Heard love story,,https://i.ytimg.com/vi/yU55IIAEoEg/default.jpg,120,90,https://i.ytimg.com/vi/yU55IIAEoEg/mqdefault.jpg,320,180,https://i.ytimg.com/vi/yU55IIAEoEg/hqdefault.jpg,480,360,https://i.ytimg.com/vi/yU55IIAEoEg/sddefault.jpg,640.0,480.0,https://i.ytimg.com/vi/yU55IIAEoEg/maxresdefault.jpg,1280.0,720.0,sweetpeaÏä§ÏúÑÌä∏Ìîº,24,none,Johnny Depp & Amber Heard love story,,PT2M14S,2d,hd,false,False,rectangular,processed,public,youtube,True,True,False,3369,21,0,2,"['Amber Heard (Celebrity)', 'Johnny Depp (Celebrity)']",,
youtube#video,nGuUg0I5SYj9igYEEVBoWEIW1UA,zR9SR69mzUI,2020-12-21T13:40:25Z,UC-Wcuvsitrod0Et3r2Iz96A,Rotation411 Celebrity Synastry: Johnny Depp and Amber Heard Part 1/2,"Here we explore the compatibility between Johnny Depp and Amber Heard to illustrate how to read Synastry Relationships in Astrology. 

*****I muted the end of the livestream by accident, so I will finish Part 2 tomorrow to tell you what ultimately ended their relationship!

Happy Holidays to all who vibrated with the frequency to find the Reading!
Love, Light and many Blessings to you are yours!

***Follow this link to order a Q/A Personal Reading from me (or a live session when available): 
https://www.psychicsgold.com/store/madeline-readings/products 

*****To support the channel so that I can continue to deliver these monthly tarot videos, weekly Celebrity Synastry Livestreams and get to your Big 144 Rising/Sun/Moon combination faster, please send gratuities to: https://www.paypal.me/rotation411 or here https://www.psychicsgold.com/store/product/tip-jar

***Find me on Instagram for random astrology posts @rotation411
And check-out the @psychicsgold Instagram to see our daily moon posts and showcased psychic advisors.

***Find me on Facebook for my 3am thoughts, astrology tangents, and astrology videos I like to post with my feedback and real-life examples from my favorite advisors on YouTube! @rotation411

Also be sure to check out the @psychicsgold Facebook if you prefer Facebook over Instagram for our daily moon readings, psychic showcases and much more to come!

*****The decks I used in this video and some of my favorites!
The Rider Tarot Deck: https://amzn.to/3gqjWcl
Original Tarot Cards Deck: https://amzn.to/3grWhbc
Golden Tarot Deck: https://amzn.to/33RCayc
Monochromatic Colors Rider-Waite: https://amzn.to/3oDybgu

Lover's Oracle: https://amzn.to/33XTL7H
Moonology Oracle: https://amzn.to/34cFtjV
The Romance Angels Gold Pleated Oracle: https://amzn.to/3n0EQ43
The Lover's Path: https://amzn.to/3qN5Pmf
True Love Reading Cards: https://amzn.to/33WqtGr
Whispers of Love Oracle: https://amzn.to/37MkxB5
Angel Answers Oracle: https://amzn.to/3qGWyfa
Heart & Soul Oracle Cards: https://amzn.to/33W27wD
Egyptian Oracle Cards: https://amzn.to/3gqxbJQ
Messages from the Mermaids: https://amzn.to/3qFoccA
The Psychic Tarot for The Heart Oracle: https://amzn.to/3n3cAOj

*Adult Decks:
Tarot of Sexual Magic: https://amzn.to/33UONbW
Decameron Tarot: https://amzn.to/3705Dbo
Erotic Tarot of Manara: https://amzn.to/3m2WrHk
Casanova Tarot: https://amzn.to/33Ufj5h
Romantic Tarot: https://amzn.to/3oEqLtp

***Law of Attraction Decks:
Money and The Law of Attraction: https://amzn.to/3gqKnym
Law Of Attraction Tarot Deck: https://amzn.to/370jO06
Getting Into The Vortex: https://amzn.to/2VVu9UM
Super Attractor Deck: https://amzn.to/3lTiXCs

***Book Recommendations:
The Three Only Things: https://amzn.to/3n0VosH
The Artist's Way: https://amzn.to/2VRDFrM
The Artist's Way Starter Kit: https://amzn.to/2VYr0TO
The Law of Attraction: https://amzn.to/3qzFxnj
Money and The Law of Attraction: https://amzn.to/2K4Vf94
Ask and It is Given https://amzn.to/3m3dNDY
The Vortex: https://amzn.to/37KpVVf
The Astonishing Power of Emotions: https://amzn.to/3oBVOq0

*Astrology Books:
Sextrology: https://amzn.to/3m1gMgd
Linda Goodman's Love Signs: https://amzn.to/36WeoTy
Born on a Rotten Day: https://amzn.to/3n0xrls
Love on a Rotten Day: https://amzn.to/3oAYUul
Friends on a Rotten Day: https://amzn.to/2Iyikke

*Astroanalysis:
Aries: https://amzn.to/34cTcXZ
Taurus: https://amzn.to/3gqGVDY
Gemini: https://amzn.to/2VWUa5O
Cancer: https://amzn.to/3n0aQp4
Leo: https://amzn.to/36YA0Pp
Virgo: https://amzn.to/2IthqFu
Libra: https://amzn.to/36W09hM
Scorpio: https://amzn.to/36YAbtV
Sagittarius: https://amzn.to/36XUw2m
Capricorn: https://amzn.to/36W7Kgg
Aquarius: https://amzn.to/3oBIlyg
Pisces: https://amzn.to/3lYs2da

*****Life Changing Meditations! https://amzn.to/2ItqCtw

***Recommended stone for you this month!
Sapphire Necklace for Divine Love
Sapphire, Diamond, and White Gold Necklace: https://amzn.to/3gsJBAT
Beautiful Sapphire and Diamond Bracelet: https://amzn.to/3mZXOIc
Thrifty Sapphire Necklace: https://amzn.to/2VVxhA0
Sapphire Earrings: https://amzn.to/33YP4dY

*Candles and Curious Recommendations!
Road Opener Candle: https://amzn.to/36VMgjB
Come To Me Candle: https://amzn.to/3m12dsS
Come to Me Candle Kit: https://amzn.to/3oDa5Ts
Sage and Palo Santo: https://amzn.to/2JLa9S0
Bayberry Incense: https://amzn.to/2K9Lzdl",https://i.ytimg.com/vi/zR9SR69mzUI/default.jpg,120,90,https://i.ytimg.com/vi/zR9SR69mzUI/mqdefault.jpg,320,180,https://i.ytimg.com/vi/zR9SR69mzUI/hqdefault.jpg,480,360,,,,,,,Rotation411 Astrology,24,none,Rotation411 Celebrity Synastry: Johnny Depp and Amber Heard Part 1/2,"Here we explore the compatibility between Johnny Depp and Amber Heard to illustrate how to read Synastry Relationships in Astrology. 

*****I muted the end of the livestream by accident, so I will finish Part 2 tomorrow to tell you what ultimately ended their relationship!

Happy Holidays to all who vibrated with the frequency to find the Reading!
Love, Light and many Blessings to you are yours!

***Follow this link to order a Q/A Personal Reading from me (or a live session when available): 
https://www.psychicsgold.com/store/madeline-readings/products 

*****To support the channel so that I can continue to deliver these monthly tarot videos, weekly Celebrity Synastry Livestreams and get to your Big 144 Rising/Sun/Moon combination faster, please send gratuities to: https://www.paypal.me/rotation411 or here https://www.psychicsgold.com/store/product/tip-jar

***Find me on Instagram for random astrology posts @rotation411
And check-out the @psychicsgold Instagram to see our daily moon posts and showcased psychic advisors.

***Find me on Facebook for my 3am thoughts, astrology tangents, and astrology videos I like to post with my feedback and real-life examples from my favorite advisors on YouTube! @rotation411

Also be sure to check out the @psychicsgold Facebook if you prefer Facebook over Instagram for our daily moon readings, psychic showcases and much more to come!

*****The decks I used in this video and some of my favorites!
The Rider Tarot Deck: https://amzn.to/3gqjWcl
Original Tarot Cards Deck: https://amzn.to/3grWhbc
Golden Tarot Deck: https://amzn.to/33RCayc
Monochromatic Colors Rider-Waite: https://amzn.to/3oDybgu

Lover's Oracle: https://amzn.to/33XTL7H
Moonology Oracle: https://amzn.to/34cFtjV
The Romance Angels Gold Pleated Oracle: https://amzn.to/3n0EQ43
The Lover's Path: https://amzn.to/3qN5Pmf
True Love Reading Cards: https://amzn.to/33WqtGr
Whispers of Love Oracle: https://amzn.to/37MkxB5
Angel Answers Oracle: https://amzn.to/3qGWyfa
Heart & Soul Oracle Cards: https://amzn.to/33W27wD
Egyptian Oracle Cards: https://amzn.to/3gqxbJQ
Messages from the Mermaids: https://amzn.to/3qFoccA
The Psychic Tarot for The Heart Oracle: https://amzn.to/3n3cAOj

*Adult Decks:
Tarot of Sexual Magic: https://amzn.to/33UONbW
Decameron Tarot: https://amzn.to/3705Dbo
Erotic Tarot of Manara: https://amzn.to/3m2WrHk
Casanova Tarot: https://amzn.to/33Ufj5h
Romantic Tarot: https://amzn.to/3oEqLtp

***Law of Attraction Decks:
Money and The Law of Attraction: https://amzn.to/3gqKnym
Law Of Attraction Tarot Deck: https://amzn.to/370jO06
Getting Into The Vortex: https://amzn.to/2VVu9UM
Super Attractor Deck: https://amzn.to/3lTiXCs

***Book Recommendations:
The Three Only Things: https://amzn.to/3n0VosH
The Artist's Way: https://amzn.to/2VRDFrM
The Artist's Way Starter Kit: https://amzn.to/2VYr0TO
The Law of Attraction: https://amzn.to/3qzFxnj
Money and The Law of Attraction: https://amzn.to/2K4Vf94
Ask and It is Given https://amzn.to/3m3dNDY
The Vortex: https://amzn.to/37KpVVf
The Astonishing Power of Emotions: https://amzn.to/3oBVOq0

*Astrology Books:
Sextrology: https://amzn.to/3m1gMgd
Linda Goodman's Love Signs: https://amzn.to/36WeoTy
Born on a Rotten Day: https://amzn.to/3n0xrls
Love on a Rotten Day: https://amzn.to/3oAYUul
Friends on a Rotten Day: https://amzn.to/2Iyikke

*Astroanalysis:
Aries: https://amzn.to/34cTcXZ
Taurus: https://amzn.to/3gqGVDY
Gemini: https://amzn.to/2VWUa5O
Cancer: https://amzn.to/3n0aQp4
Leo: https://amzn.to/36YA0Pp
Virgo: https://amzn.to/2IthqFu
Libra: https://amzn.to/36W09hM
Scorpio: https://amzn.to/36YAbtV
Sagittarius: https://amzn.to/36XUw2m
Capricorn: https://amzn.to/36W7Kgg
Aquarius: https://amzn.to/3oBIlyg
Pisces: https://amzn.to/3lYs2da

*****Life Changing Meditations! https://amzn.to/2ItqCtw

***Recommended stone for you this month!
Sapphire Necklace for Divine Love
Sapphire, Diamond, and White Gold Necklace: https://amzn.to/3gsJBAT
Beautiful Sapphire and Diamond Bracelet: https://amzn.to/3mZXOIc
Thrifty Sapphire Necklace: https://amzn.to/2VVxhA0
Sapphire Earrings: https://amzn.to/33YP4dY

*Candles and Curious Recommendations!
Road Opener Candle: https://amzn.to/36VMgjB
Come To Me Candle: https://amzn.to/3m12dsS
Come to Me Candle Kit: https://amzn.to/3oDa5Ts
Sage and Palo Santo: https://amzn.to/2JLa9S0
Bayberry Incense: https://amzn.to/2K9Lzdl",PT55M46S,2d,sd,false,False,rectangular,processed,public,youtube,True,True,False,127,4,0,3,,,en-US
