No,link,title
1,https://www.youtube.com/watch?v=Xlf58om_C9E,Aquaman 2 Producer Slams Johnny Depp Fans Over Pressure to Fire Amber Heard & says They Don't Care
2,https://www.youtube.com/watch?v=ob2QomOgStQ,Aquaman (2018) - Mera's Rooftop Chase Scene (6/10) | Movieclips
3,https://www.youtube.com/watch?v=Jka1JsBBmCU,"""It's Horrible"" Jason Momoa Reaction to Working With Amber Heard (VIDEO)"
4,https://www.youtube.com/watch?v=5vRd21X3K-k,Amber Heard Can't Stop Flirting With Jason Momoa (AQUAMAN)
5,https://www.youtube.com/watch?v=Wahd_gszuBA,'Aquaman' Producer Responds To Johnny Depp Fans Pushing For Amber Heard's Firing From Sequel
6,https://www.youtube.com/watch?v=hmKkRpjmeD4,Arthur and Mera go to Sicily Scene | Aquaman
7,https://www.youtube.com/watch?v=7iqqFEfT82Q,‚ÄúShe‚Äôs Untalented‚Äù Jason Mamoa speaks on Working with Amber Heard
8,https://www.youtube.com/watch?v=aHu0emUuQ-I,Mera & Aquaman vs Steppenwolf - Zack Snyder's Justice League (2021) l Amber Heard Jason Momoa
9,https://www.youtube.com/watch?v=-S-9MF3fxVo,Aquaman and Princess Mera sweet scene!
10,https://www.youtube.com/watch?v=QBCEXSVjBrM,Amber Heard Officially FIRED From Aquaman 2 Role! (REACTIONS)
11,https://www.youtube.com/watch?v=clAb4LQ5wic,FRIGHTENING Abuse! Aquaman 2 Supports LIAR Amber Heard!?
12,https://www.youtube.com/watch?v=hYXqDheAzfo,Emilia Clarke REPLACING Amber Heard In Aquaman 2?!
13,https://www.youtube.com/watch?v=ZEbrWa6IY5w,Jason Momoa EXPOSES The TRUTH About Working With Amber Heard!
14,https://www.youtube.com/watch?v=bCk2xMs6j8M,"Celebrities DEFENDING Johnny Depp against Amber Heard (Elon Musk, Jason Momoa, Sia, Alice Cooper)"
15,https://www.youtube.com/watch?v=8oznVsDN3kQ,Celebrities That Tried To Warn Us About James Franco...
16,https://www.youtube.com/watch?v=GShctSD8HNg,10 Times Johnny Depp Tried To Warn Us About AH
17,https://www.youtube.com/watch?v=SffKG2-KHTM,Jason Momoa Ripped the Last Pages Out of Amber Heard's Books on the Aquaman Set
18,https://www.youtube.com/watch?v=8RX4ZIntoFQ,A Match Made In Atlantis 'Aquaman' Behind The Scenes
19,https://www.youtube.com/watch?v=VGPb7Gy1XfE,"Mera kissing Aquaman | Aquaman [4k, IMAX]"
20,https://www.youtube.com/watch?v=wgfUsGLfPpQ,Johnny Depp Gets REVENGE On Amber Heard! HUGE WIN For Johnny Depp!
21,https://www.youtube.com/watch?v=pe-QAtbyMkI,Sexy Mera - AQUAMAN
22,https://www.youtube.com/watch?v=PBh3dOmJkZQ,Why Amber Heard Hesitated To Take The ‚ÄòAquaman‚Äô Role At First | Entertainment Weekly
23,https://www.youtube.com/watch?v=mhVfeiACVUQ,Amber Heard DEFENDED by Aquaman 2 Producer!
24,https://www.youtube.com/watch?v=ryF3NXz7k8E,Jason Momoa Makes Amber Heard Laugh So Hard (AQUAMERA)
25,https://www.youtube.com/watch?v=zSUZBOosVOQ,Aquaman - Bande Annonce Officielle (VF) - Jason Momoa / Amber Heard
26,https://www.youtube.com/watch?v=DTrupM5SB3k,Primera Escena de Amber Heard en Aquaman | Espa√±ol  HD
27,https://www.youtube.com/watch?v=t5_7RUDyt4s,"AMBER HEARD talks about ""Mera"" and her female power in ""Aquaman"" and in real life!"
28,https://www.youtube.com/watch?v=pB8jpj4srvE,Aquaman 2 facing INSTANT REGRET! Amber Heard seriously damaging films hype and potential box office!
29,https://www.youtube.com/watch?v=BceacnUfSL8,AQUAMAN | Fun on Set with Jason Momoa and Amber Heard Featurette [Digital/Blu-Ray/DVD 2019]
30,https://www.youtube.com/watch?v=kNIX9_jhC2A,Judge LOSES IT After Amber Heard Tries to Get Case Dismissed For the THIRD TIME!
31,https://www.youtube.com/watch?v=jnUHvaBQ5Ng,"""FIRE AMBER"" Warner Brothers Wants To FIRE Amber Heard From Aquaman 2 NOW | The Gossipy"
32,https://www.youtube.com/watch?v=Z-fLuaRgUTE,ùêÄùê™ùêÆùêöùê¶ùêöùêß ùêÄùê¶ùêõùêûùê´ ùêáùêûùêöùê´ùêù ùêíùê≠ùêöùê≠ùêÆùê¨ ùêÄùê≠ùê≠ùê¢ùê≠ùêÆùêùùêû ùêñùê°ùêöùê≠ùê¨ùêöùê©ùê© ùêíùê≠ùêöùê≠ùêÆùê¨ ùêÖùêöùê¢ùê¨ùê°ùêöùê• ùêåùêûùêûùê´ ùêíùê≠ùêöùê≠ùêÆùê¨
33,https://www.youtube.com/watch?v=DYygG2xrbjE,"AQUAMAN Official Trailer #1 [HD] Jason Momoa, Amber Heard, Nicole Kidman"
34,https://www.youtube.com/watch?v=XfHsu9eYdJU,Aquaman‚Äôs Amber Heard reveals how she realized Mera is a woman superhero done right
35,https://www.youtube.com/watch?v=ERwE8HYZv3o,Amber Heard keluar Dari Aquaman 2? Ini Kandidat Penggantinya
36,https://www.youtube.com/watch?v=pvyeJxMUIcQ,Amber Heard habla en espa√±ol sobre su papel en Aquaman
37,https://www.youtube.com/watch?v=rL-nD53nKWA,"'Aquaman' Actress AMBER HEARD To Young Filipina Women: ""We Have To Stand Up"""
38,https://www.youtube.com/watch?v=ie77EvN54HM,Amber Heard dishes on Jason Momoa's pranks on 'Aquaman' set
39,https://www.youtube.com/watch?v=6yUzdcJsXzI,"Aquaman 2 Won't Remove Amber Heard, Disney Exposes Scarlett Johansson, Blackpink Gets Cancelled"
40,https://www.youtube.com/watch?v=ATf-o9qerTo,Amber Heard Was Never Going To Be Fired From Aquaman 2 Says Producer
41,https://www.youtube.com/watch?v=ShObyc9vqXM,Jason Momoa Speaks On Amber Heard Being Replaced From Aquaman 2!?
42,https://www.youtube.com/watch?v=2fQf4o3WO_k,Amber Heard Starts Lawsuit Vs Warner Bros. For Aquaman 2 Decision!!!? (Explained)
43,https://www.youtube.com/watch?v=JG73doREGfc,Steppenwolf in Atlantis | Justice League
44,https://www.youtube.com/watch?v=K-okrp92NLQ,Amber Heard OFFICIALLY Gets Replaced By Emilia Clarke In Aquaman 2!!!
45,https://www.youtube.com/watch?v=uvaEYwOjpjw,Amber Heard NOT Fired - Why She'll Return for Aquaman 2: The Lost Kingdom
46,https://www.youtube.com/watch?v=Zkbp5MVZW14,Warner Brothers Wants To FIRE Amber Heard From Aquaman 2 NOW?!
47,https://www.youtube.com/watch?v=59S6TOxsW3Q,"Amber Heard PROVOKING Depps Fans With ""Aquaman 2"" IG Post!"
48,https://www.youtube.com/watch?v=R74lQyLJmR8,Amber Heard FIRED From Aquaman 2 GOES VIRAL!! #JusticeForDepp
49,https://www.youtube.com/watch?v=kdHyHjezr4I,Amber Heard | Aquaman | New Whatsapp Status | Full Screen üî•
50,https://www.youtube.com/watch?v=1xXFWBTxWAo,Aquaman 2 Emilia Clarke to Replace Amber Heard as Mera ??? In Tamil
51,https://www.youtube.com/watch?v=jKBoWuwodKM,ELON MUSK expone a AMBER HEARD y la despiden de AQUAMAN 2: EMILIA CLARKE sera MERA
52,https://www.youtube.com/watch?v=PvTN3kHtK4U,¬°Adi√≥s AMBER HEARD! ¬øQui√©n debe ser Mera en Aquaman 2? ü§îüî±üåä
53,https://www.youtube.com/watch?v=OSGKKkhGa8Y,Amber Heard Caught LYING Again? Heard NOT Fired from Aquaman 2?!
54,https://www.youtube.com/watch?v=nf2AgE2eE8M,Amber Heard Replaced in Aquaman 2 with Emila Clarke!? - Reality or Rumor?!
55,https://www.youtube.com/watch?v=0A7DuVpYRoU,Amber Heard AQUAMAN Interview
56,https://www.youtube.com/watch?v=S8Nemf3D4Tc,Emilia Clarke Replacing Amber Heard In Aquaman 2 Report
57,https://www.youtube.com/watch?v=BcKRsYHoKIM,Amber Heard Aquaman' den Atƒ±ldƒ± Mƒ±? | Amber Heard & Johnny Depp G√ºncellemesi
58,https://www.youtube.com/watch?v=PR0sfDvIJZE,¬°¬°Amber Heard FUERA DE AQUAMAN!! üò≤üò≤
59,https://www.youtube.com/watch?v=fff3cz6uSZM,Jason Momoa and Amber Heard RUIN Aquaman 2! Warner HAS to MISS Depp!
60,https://www.youtube.com/watch?v=QQ4OVWGMAXk,AMBER HEARD IS DONE - Aquaman 2 ACTORS HATED Filming With Amber - Support Depp | Celebrity Craze
61,https://www.youtube.com/watch?v=O2n_MwMCJq0,Top 5 Actresses That Should Replace Amber Heard In Aquaman 2
62,https://www.youtube.com/watch?v=WbS46LctZj0,Aquaman Cast TRAINING WORKOUT (Jason Momoa & Amber Heard)
63,https://www.youtube.com/watch?v=VTXaatdiBps,La raz√≥n por la que AMBER HEARD sigue siendo MERA EN AQUAMAN
64,https://www.youtube.com/watch?v=ZtfL4TC9jM8,"Amber Heard Aquaman 2 Drama! Mr. Potato Head Cancelled, Britney Spears Father Reacts & More News"
65,https://www.youtube.com/watch?v=UMglys-ned8,Amber Heard FIRED & Faces 3 Years In Jail??!?!?  Huge Aquaman 2 News For Jason Momoa & Emilia Clarke
66,https://www.youtube.com/watch?v=MBQGRxdwEGU,Johnny Depp Controversy Get Amber Heard Fired From AQUAMAN 2? [Explained In Hindi]
67,https://www.youtube.com/watch?v=PsGrwYsj6jg,WAS AMBER HEARD FIRED FROM AQUAMAN 2?! | Double Toasted Bites
68,https://www.youtube.com/watch?v=5-MzJn4MJ8Y,Aquaman 2 BAD First Days of Filming SHOWING Amber Heard Is DONE!
69,https://www.youtube.com/watch?v=4UVht9fGJxY,"Amber Heard Shuts Down ""Aquaman 2"" Dismissal Rumors | E! News"
70,https://www.youtube.com/watch?v=6EjpDSwKLAk,Why Warner Bros Completely REGRETS Hiring Amber Heard For Mera In Aquaman 2...
71,https://www.youtube.com/watch?v=DVabZbSFfx4,Aquaman 2 Boycott Demands Amber Heard Removal | InformOverload
72,https://www.youtube.com/watch?v=h6ag6P31kbo,Emilia Clarke SPEAKS OUT About Replacing Amber Heard In Aquaman 2!!
73,https://www.youtube.com/watch?v=1nLI4ahi6V4,Emilia Clarke SPEAKS OUT On Being Amber Heard's Replacement In Aquaman 2!!!
74,https://www.youtube.com/watch?v=rTI5S2XevC4,Emilia Clarke Speaks Out on Being Amber Heard's Replacement In Aquaman 2 | Bluff Central
75,https://www.youtube.com/watch?v=I7GfS45bcwA,Emilia Clarke's Thoughts on Being Amber Heard's Replacement in Aquaman 2 | Flixet
76,https://www.youtube.com/watch?v=PcNs_fjTjvs,Amber Heard Terancam Dipecat dari Aquaman 2? Deretan Fakta Perlakuan Amber Heard kepada Johnny Depp
77,https://www.youtube.com/watch?v=u7EQYh2ScbE,Jason Momoa REACTS To #BoycottAquaman2 - Fans Want Amber Heard FIRED!!!
78,https://www.youtube.com/watch?v=YTNHcxBL9dw,AMBER HEARD SE DEFIENDE DE LOS FANS DE JOHNNY DEPP Y ASEGURA QUE NO SE IR√Å DE AQUAMAN
79,https://www.youtube.com/watch?v=YMGivrTqoG8,Amber Heard Aquaman Birthday Massively Backfires
80,https://www.youtube.com/watch?v=RsHkJ4uDnrE,AMBER HEARD SHOULD BE FIRED. EMILIA CLARK SHOULD BE MERA IN AQUAMAN 2! SIGN THE PETITION!
81,https://www.youtube.com/watch?v=lr43XgsgYi0,"Emilia Clarke la nueva MERA? Amber Heard FUERA de Aquaman 2, Emma Watson se retira?, Boser News"
82,https://www.youtube.com/watch?v=SwZld2O9BoU,Amber Heard Replaced By This Actress In Aquaman 2?
83,https://www.youtube.com/watch?v=wAdTlgSW2ls,Amber Heard OFFICIALLY Gets Replaced By EMILIA CLARKE In Aquaman 2!
84,https://www.youtube.com/watch?v=bNH6l4PTpd0,Amber Heard Took a Fantastic Aquaman Interview!
85,https://www.youtube.com/watch?v=5GLto8doOPE,"EXCLUSIVE: Amber Heard Confirms 'Justice League' Role, Describes Mera's 'Scaly' 'Aquaman' Costume"
86,https://www.youtube.com/watch?v=bob-V7l_lGw,Workout AMBER HEARD ¬´Aquaman¬ª
87,https://www.youtube.com/watch?v=pwOhPhBzGVU,"Amber Heard's new movie FLOPS! EARNS $20,000! Is Aquaman 2 NEXT?!"
88,https://www.youtube.com/watch?v=KBZ43KiBJaE,Amber Heard hablando Espa√±ol sobre su interpretacion en AQUAMAN DC COMICS famosos hablando espa√±ol
89,https://www.youtube.com/watch?v=YVPyBraRags,Jason Momoa Tells The TRUTH On Why Amber Heard Was FIRED From Aquaman 2!!
90,https://www.youtube.com/watch?v=a-s1jVKaWIA,Amber Heard BEING REPLACED By THESE Actresses In Aquaman 2?!
91,https://www.youtube.com/watch?v=ZEbrWa6IY5w,Jason Momoa EXPOSES The TRUTH About Working With Amber Heard!
92,https://www.youtube.com/watch?v=6-6bRaotgDg,Zack Snyder Speaks On Amber Heard¬¥s Ban From All DC Movies!
93,https://www.youtube.com/watch?v=shyEXW0hfkk,Amber Heard  -  Mera - Aquaman's Wife - funny & cute moments
94,https://www.youtube.com/watch?v=VLycMbLwlTA,REMOVE Amber Heard from AQUAMAN 2 UPDATE!
95,https://www.youtube.com/watch?v=eIcMuDdQicc,Aquaman: Amber Heard Interview
96,https://www.youtube.com/watch?v=cPZ_QfgHsnU,Jason Momoa Reveals Why Amber Heard Was Really Fired from Aquaman 2!
97,https://www.youtube.com/watch?v=Ugtl8D8XACE,Adorable Grandma interviews Jason Momoa and Amber Heard for Aquaman | Cosmopolitan UK
98,https://www.youtube.com/watch?v=1B4HSO88mT4,"'Justice League's' Amber Heard on Playing Aquaman's Wife, Mera, in That Tight Costume! (Exclusive)"
99,https://www.youtube.com/watch?v=O9IELHufz4A,Jason Momoa Speaks - Amber Heard Being Replaced From Aquaman 2!?
100,https://www.youtube.com/watch?v=fn8W2T5kXzw,"Amber Heard on Training for Mera Role in ""Aquaman"" | E! Red Carpet & Award Shows"
101,https://www.youtube.com/watch?v=xkVQgITE7zQ,'Remove Amber Heard From Aquaman 2' PETITION HAS OVER 1 MILLION SIGNATURES!
102,https://www.youtube.com/watch?v=pxWf6YMWcg0,Amber Heard 4k HD Full Screen WhatsApp Status | Mera | Aquaman WhatsApp Status | Super Girl Status
103,https://www.youtube.com/watch?v=uUte6B7JJYU,'Justice for Johnny Depp' trends as ex-wife Amber Heard begins filming for 'Aquaman 2' | Cobrapost
104,https://www.youtube.com/watch?v=iowZLFpm0nc,"Zack Snyder revela JUSTICE LEAGUE 2, ¬øEcharon a Amber Heard de Aquaman 2 por gorda?  Jupiters Legacy"
105,https://www.youtube.com/watch?v=qu5Kxq6xBNM,Amber Heard and Jimmy Take the Aquaman Spicy Bite Challenge
106,https://www.youtube.com/watch?v=14SUI93R_k8,Jason Momoa Defends Amber Heard After Aquaman 2 Boycott
107,https://www.youtube.com/watch?v=ArdhfEpFUJs,Amber Heard TAUNTING Fans On Her Return To Aquaman 2!!
108,https://www.youtube.com/watch?v=gV32lK43irI,Amber Heard FIRED?! Did Warner just BOOT her from Aquaman 2?! Johnny Depp vindicated?!
109,https://www.youtube.com/watch?v=xFaa6c4iCHc,Jason Momoa Furiously Reacts to Amber NOT Being Fired for Aquaman 2
110,https://www.youtube.com/watch?v=D_4FyvAVUvg,Amber Heard RECAST In Aquaman 2? - Emilia Clarke Playing Mera! - Rumor
111,https://www.youtube.com/watch?v=DVf9JqXF-Cc,"Amber Heard on First Meeting Nicole Kidman, Joining 'Aquaman' & More | THR"
112,https://www.youtube.com/watch?v=mbUN2VKOmL4,Amber Heard ROASTED for Bad Acting | ACTORS REACT to AQUAMAN (Ep. 4)
113,https://www.youtube.com/watch?v=C_EOhc0csKQ,Amber Heard Is Fired From Aquaman 2 Due To The Failure Of Gully
114,https://www.youtube.com/watch?v=v7pDOtfKRtA,Amber Heard ROASTED After Aquaman 2 Cast List Revealed | #JusticeForJohnnyDepp Trends
115,https://www.youtube.com/watch?v=JhGdYOK2hA8,"'Aquaman': Amber Heard On The 'Strong, Motivated' Mera & Working With Jason Momoa | Access"
116,https://www.youtube.com/watch?v=1GphbMhDbeo,Amber Heard Is OFFICIALLY Replaced By Emilia Clarke In Aquaman 2!
117,https://www.youtube.com/watch?v=LWaThEvgDK4,What's going on with Amber Heard and Aquaman 2?
118,https://www.youtube.com/watch?v=jdQTP99VjRo,Instant Regret! Aquaman Wishes Amber Heard Happy Birthday & Gets Roasted!
119,https://www.youtube.com/watch?v=i562oRbXm-g,Emilia Clarke to REPLACE Amber Heard Aquaman 2; REAL or RUMOR?
120,https://www.youtube.com/watch?v=WdMBTN9qEAo,Amber Heard Failed Her Physical Exam For Aquaman 2?
121,https://www.youtube.com/watch?v=pueTfFnZYt4,Amber Heard: Petition to Remove From 'Aquaman 2' Nears 2 Million Mark | Flixet
122,https://www.youtube.com/watch?v=4WLUwcSpbys,"It Took Amber Heard One Hour to Get into Her ""Aquaman"" Costume"
123,https://www.youtube.com/watch?v=Dvh09e0TPJ4,Amber Heard REPLACED in the AQUAMAN 2 Movie?!
124,https://www.youtube.com/watch?v=ZkrUygp48-U,Amber Heard Shares Behind The Scenes Training Picture of Aquaman 2 | Flixet
125,https://www.youtube.com/watch?v=3hOujQAiWU4,Amber Heard TROLLS Again on Alleged Aquaman Movie Set?
126,https://www.youtube.com/watch?v=j4-mtwx8RQw,Aquaman's Jason Momoa Is Amber Heard's Cleavage Goals | GLAMOUR UK
127,https://www.youtube.com/watch?v=gJ4C74byhEE,BAGAIMANA AMBER HEARD MEMANIPULASI KITA SEMUA
128,https://www.youtube.com/watch?v=NCoSxp7htZY,Aquaman 2 I Official Concept Trailer | Jason Momoa | Dc comics | Amber Heard | Fanmade
129,https://www.youtube.com/watch?v=0mUOxTQoPqA,Amber Heard REACTS TO #FireAmberHeard Movement... (Aquaman 2)
130,https://www.youtube.com/watch?v=vzhQQD2UGBY,Jason Momoa as Aquaman and Amber Heard as  Mera- Everything I need
131,https://www.youtube.com/watch?v=LxqBr_H46Z0,DESPIDO De AMBER HEARD De AQUAMAN 2 Y SUSTITUCI√ìN Por EMILIA CLARKE Resulta FALSO Esta Es La VERDAD!
132,https://www.youtube.com/watch?v=7Kqq9LT-Pk8,"¬°HASTA SIEMPRE AMBER HEARD! ¬øBiden es un VAMPIRO? El FIN de Yao Cabrera, Britney Spears, Kanye y mas"
133,https://www.youtube.com/watch?v=_4O-YkH-ZYI,JOHNNY DEPP CONTROVERSY AQUAMAN 2 AMBER HEARD LEFTED_BATMAN 1ST TEASER BREAKDOWN IN TELUGU #Dctelugu
134,https://www.youtube.com/watch?v=h525DMPNRwM,'Aquaman': Amber Heard interview
135,https://www.youtube.com/watch?v=fKeatIe60fI,Why Amber Heard Initially Didn't Want Aquaman Role
136,https://www.youtube.com/watch?v=b8Iv0fXIkX8,"""SHE'S GONE"" Amber Heard leaves 'Aquaman 2' fans excited AFTER THIS | Celebrity Craze"
137,https://www.youtube.com/watch?v=CLBRHMEWbdk,7 Actresses Who Could Replace Amber Heard as Mera in Aquaman 2
138,https://www.youtube.com/watch?v=TJK8q0N5kA4,Amber Heard FIRED From Aquaman 2? Loses Bid To Stop Johnny Depp's Lawsuit!
139,https://www.youtube.com/watch?v=1rHVlL8c2zg,Amber Heard POSTS PROOF of Aquaman 2 FIRING?! OOPS! She's BUSTED?!
140,https://www.youtube.com/watch?v=mPeDnWsNtBc,"Aquaman Premiere - Jason Momoa, Nicole Kidman, Amber Heard"
141,https://www.youtube.com/watch?v=DhvJRUTU7-Q,Aquaman Cast Funniest Moments | Jason Momoa Pulled a Prank on Amber Heard | 2018
142,https://www.youtube.com/watch?v=uTIYpFVV0_Q,AQUAMAN 2 EMILIA CLARKE REEMPLAZA A AMBER HEARD COMO MERA EN FANART ¬øQUE OS PARECE?
143,https://www.youtube.com/watch?v=igWcvBtny6o,Amber Heard Interview: Aquaman
144,https://www.youtube.com/watch?v=u29utCOg6dM,OFFICIAL: Amber Heard in Aquaman 2 - But Idiot DC Fans Mad Keaton's Replacing Ben Affleck
145,https://www.youtube.com/watch?v=SpaMf2j_e10,"Aquaman (2018) - Trailer 1 / Jason Momoa, Amber Heard"
146,https://www.youtube.com/watch?v=sLtnO0MePVs,Amber Heard Reacts To Being Fired From Aquaman 2
147,https://www.youtube.com/watch?v=c0l38akMxoM,Amber Heard BACKFIRE! Now Facing 3 Years Over Lies! Aquaman 2 In Doubt
148,https://www.youtube.com/watch?v=pNm0n2G5LfM,Amber Heard Contract OFFICIALLY CANCELLED !?!(LATEST UPDATE)
149,https://www.youtube.com/watch?v=078Kj3PXhFU,Amber Heard TAUNTS Aquaman 2 Fans That Want Her Removed From Role
150,https://www.youtube.com/watch?v=Tq_DeoK7NkA,Amber Heard back in Aquaman 2 and Beyond
151,https://www.youtube.com/watch?v=rsv4_nZPwIs,Aquaman - Amber Heard
152,https://www.youtube.com/watch?v=VtEu8FkK8p8,Interview Amber Heard AQUAMAN
153,https://www.youtube.com/watch?v=lsdDSGMXZHc,Johnny Depp Reacts To Amber Heard Being In Aquaman 2
154,https://www.youtube.com/watch?v=Z1_VFm3GNoQ,Amber Heard Releases NEW Intense Aquaman 2 Workout Video!
155,https://www.youtube.com/watch?v=xxVYlzP_3DY,The Horrible Journey Of Amber Heard In Aquaman 2 Starts Soon....
156,https://www.youtube.com/watch?v=aHb8zNwHRqI,Aquaman 2 Begins Filming with Amber Heard RUMORS Are Out!
157,https://www.youtube.com/watch?v=FMpQwj2OT8Q,CANCELLED! Aquaman spinoff CANNED! Aquaman 2 and Amber Heard GET THE FINGER?
158,https://www.youtube.com/watch?v=STFxDAH5uKk,"AQUAMAN Official Trailer #2 [HD] Jason Momoa, Patrick Wilson, Amber Heard"
159,https://www.youtube.com/watch?v=Zm83CVE_WXg,Amber Heard P*SSED Warner Bros Limits Her Screen Time On Aquaman 2!?
160,https://www.youtube.com/watch?v=-LZOCa2HEsE,Will Amber Heard RUIN Aquaman 2?!? | #JusticeForJohnnyDepp Fans Call For Her to be FIRED!
161,https://www.youtube.com/watch?v=pqRHZUPTZ0g,"""AMBER'S SHOCKED"" Amber Heard REACTS TO #FireAmberHeard Movement... (Aquaman 2) | Celebrity Craze"
162,https://www.youtube.com/watch?v=wsO0KLDe530,Amber Heard in Aquaman 2 ? |  Movies Update
163,https://www.youtube.com/watch?v=xF1yyij4FAA,Amber Heard SPEAKS OUT On Losing All Movie Roles!!!
164,https://www.youtube.com/watch?v=6mQDS7Q7pys,"'Aquaman' Official Extended Trailer (2018) | Jason Momoa, Amber Heard"
165,https://www.youtube.com/watch?v=I3XSBt0AoSA,Amber Heard - Mera - Aquaman's Wife - funny & cute moment || Amber Heard funny & cute moments
166,https://www.youtube.com/watch?v=ht92feHGR9M,Remove AMBER HEARD From Aquaman 2 Petition Could Hits 500K Signatures
167,https://www.youtube.com/watch?v=6l6AJ_tkiNs,Amber Heard and Jason Momoa (Aquaman 2018)
168,https://www.youtube.com/watch?v=p8v7URV7tXw,Aquaman | Amber Heard speaks perfect Spanish during movie interview
169,https://www.youtube.com/watch?v=VeZZ9EWb_uA,Very Bad News For Amber Heard | Officially Removed From Aquaman 2?
170,https://www.youtube.com/watch?v=ejNEfM-z0eA,Aquaman - Extended Video (VF) - Jason Momoa / Amber Heard
171,https://www.youtube.com/watch?v=YwTRIGLWxVc,Amber Heard FIRED from Aquaman 2 GOES WORLDWIDE! The World LOVES Depp!
172,https://www.youtube.com/watch?v=vU6NQeuhhA0,AQUAMAN | Amber Heard talks about the movie - Official Interview
173,https://www.youtube.com/watch?v=bqCyFf-sTGs,Amber Heard Interview: Aquaman Star Talks Spanglish and Big Kid Jason Momoa
174,https://www.youtube.com/watch?v=n0wPLkTUI-o,"Amber Heard Shares Her Hopes For #MeToo, 'Aquaman' Character | EXTENDED"
175,https://www.youtube.com/watch?v=hqb9j6lDaag,Amber Heard & Jason Momoa 'Justice League' World Premiere
176,https://www.youtube.com/watch?v=-tpSybxWXPo,"Aquaman - Official Extended Trailer #2 (2018) | Jason Momoa, Amber Heard, Willem Dafoe"
177,https://www.youtube.com/watch?v=h2UoHedixx4,"Amber Heard Teases ""Aquaman"" at ""Justice League"" Premiere | E! Red Carpet & Award Shows"
178,https://www.youtube.com/watch?v=_nJJXYntKgA,"AQUAMAN Official Final Trailer (2019) - Jason Momoa, Amber Heard Movie"
179,https://www.youtube.com/watch?v=tDyEIfYRIME,Amber Heard FIRED From Aquaman 2 after Johnny Depp Lawsuit?!
180,https://www.youtube.com/watch?v=211IJ9ERLPc,"Aquaman Los Angeles Film premiere - Jason Momoa, Amber Heard, Nicole Kidman and More"
181,https://www.youtube.com/watch?v=VjNKo0H7GjU,WB Never Considered Replacing Amber Heard
182,https://www.youtube.com/watch?v=B_p70yO2d24,"AQUAMAN Cast Interviews: Jason Momoa, Amber Heard, Patrick Wilson, James Wan"
183,https://www.youtube.com/watch?v=rACSPZV4fGs,"Amber Heard Recasting for Aquaman 2, Johnny Depp Lawsuit, & More"
184,https://www.youtube.com/watch?v=_LzNjvxMNe0,Karma comes for Amber Heard's Aquaman 2 role | Johnny Depp's case moving forward!
185,https://www.youtube.com/watch?v=YFSUDD2uoz0,Jason Momoa DEFENDS Amber Heard AGAINST Johnny Depp!!!
186,https://www.youtube.com/watch?v=eXZoa1p-XZM,"AQUAMAN | Comic Con 2018 Full Panel (Jason Momoa, Amber Heard, Nicole Kidman)"
187,https://www.youtube.com/watch?v=NzPHbCL16Hc,Amber Heard | Baby i'm Worth it | Mera - Aquaman | Full Screen Vertical WhatsApp Status |
188,https://www.youtube.com/watch?v=I7I7MY8A6xw,Did Amber Heard Flirt with Zack Snyder to STAY in Aquaman 2?
189,https://www.youtube.com/watch?v=eKNkc1i-Vvw,Aquaman 2 Will Reportedly Make Amber Heard One Of The Highest Paid Actresses in Hollywood ü§£
190,https://www.youtube.com/watch?v=fR8j5o68zpQ,Executive CONFIRMS Amber Heard Petition Did Nothing - They DON'T CARE
191,https://www.youtube.com/watch?v=0YrPGo2cU0k,Amber Heard | Aquaman | Whatsapp Status #Wharan Full Screen üî•
192,https://www.youtube.com/watch?v=yBeVajTLj_E,"""AMBER DID IT"" Aquaman 2 Director PANICS - SAYS AMBER HEARD WRECKED Aquaman Sequel | Celebrity Craze"
193,https://www.youtube.com/watch?v=qdxgXF1A4uY,The Aquaman Movie Wishes Amber Heard Happy B-Day On Twitter & Gets ROASTED By Fans! Let's Readüßú‚Äç‚ôÄÔ∏èü™ì
194,https://www.youtube.com/watch?v=Nr5Zf8BvuPs,Amber Heard Befittingly Responds To 'Campaign' Against Her 'Aquaman 2' Role
195,https://www.youtube.com/watch?v=ezsg9nq1MdM,"‚ÄòAquaman‚Äô Interview w/ Jason Momoa, Amber Heard & Patrick Wilson"
196,https://www.youtube.com/watch?v=81RDgeuVn_g,Is Amber Heard REALLY STILL In Aquaman 2 After Recent Charges?!
197,https://www.youtube.com/watch?v=oa660Myug7k,"¬°JUNTAN FIRMAS PARA SACAR A AMBER HEARD DE ""AQUAMAN 2""! ¬°POL√âMICA EN DC! | Cine a Fondo |"
198,https://www.youtube.com/watch?v=5C9zA4nvo0U,Amber Heard FIRED from Aquaman 2 Because She's TOO FAT to Play Mera?!
199,https://www.youtube.com/watch?v=2HnmzNUOI6U,"James Charles EXPOSED AGAIN, Amber Heard FIRED From Aquaman? Nikocado Avocado GOES OFF"
200,https://www.youtube.com/watch?v=FGy2RZjrUic,AMBER HEARD Reacciona A Petici√≥n Que Recaba Mas De 1 MILL√ìN De FIRMAS PIDIENDO Su DESPIDO A D.C.
201,https://www.youtube.com/watch?v=t8UdFZqy8mc,Aquaman | Jason Momoa | Amber Heard| DC | Hey mama
202,https://www.youtube.com/watch?v=TDMInEEWw0w,Amber Heard FIRED and Replaced By  Emilia Clarke for Aquaman 2?
203,https://www.youtube.com/watch?v=kRStacqKE48,Amber Heard AKA Mera looks dazzling at the premiere of Aquaman
204,https://www.youtube.com/watch?v=rh9LxaUU-QY,I used machine learning to replace Amber Heard's face with Johnny Depp's in Aquaman
205,https://www.youtube.com/watch?v=quGE_VO9tow,Mera | Amber Heard | Aquaman | AZ_Editz | WhatsApp Status | Fullscreen | 60FPS | #shorts
206,https://www.youtube.com/watch?v=gEfWUbRfFR8,How Amber Heard Destroyed Her Own Career
207,https://www.youtube.com/watch?v=B9MtG3e1ubw,"""Amber Slept Her Way To The Top"" Emilia Clarke Reveals How Amber Heard Got The Part In Aquaman!"
208,https://www.youtube.com/watch?v=MY_dmZnbReI,Amber Heard Replaced By Emilia Clarke For Aquaman 2?
209,https://www.youtube.com/watch?v=I0YgQFbvH0c,Aquaman Mera Fullscreen Whatsapp Status HD | Amber Heard | Aquaman | Jason Momoa
210,https://www.youtube.com/watch?v=JxzqsYMneoE,"""Fans have Spoken"" Zack Snyder FIRES Amber Heard from Aquaman 2"
211,https://www.youtube.com/watch?v=-Puv-V2NDXc,Jason Momoa Says HE HATES Working With Amber Heard!!! (IG LIVE)
212,https://www.youtube.com/watch?v=Mcwqp2qlfJY,Has Zach Snyder BANNED Amber Heard from Aquaman 2??
213,https://www.youtube.com/watch?v=_EMvEHXsWoo,Amber Heard Confims She Will be Returning for Aquaman 2 |  Movies Update
214,https://www.youtube.com/watch?v=Y9wJrXvVLZY,¬øAMBER HEARD DESPEDIDA DE AQUAMAN 2?
215,https://www.youtube.com/watch?v=wyzUsNomdTQ,Mera | Amber Heard | Aquaman | AZ_Editz | WhatsApp Status | Fullscreen | 60FPS | #shorts
216,https://www.youtube.com/watch?v=NxTyUHCH-Vg,THIS IS WHY Warner Brothers REGRETS Hiring Amber Heard For Aquaman 2 - Johnny Depp | Celebrity Craze
217,https://www.youtube.com/watch?v=2YHdCI4wblo,"'AQUAMAN' Fan Event Live in Manila, Philippines (december 11, 2018) ‚Äî Warner Bros. Pictures"
218,https://www.youtube.com/watch?v=7TTWIkNXdF4,Amber Heard Aquaman Future Uncertain Due To Johnny Depp Case
219,https://www.youtube.com/watch?v=GX42jhtAudE,"Amber Heard Loves ""Aquaman"" Costar Nicole Kidman | E! Red Carpet & Award Shows"
220,https://www.youtube.com/watch?v=1yuki8YG3xA,Rewarding abusive women: the Amber Heard story (wtf is this?)
221,https://www.youtube.com/watch?v=y4S8lbNjIxM,Big Official Update on Aquaman 2 | Amber Heard Confirmed Or Not? | Flixet
222,https://www.youtube.com/watch?v=vNJsVtJkXIM,"AQUAMAN ""Arthur & Mera"" Trailer [HD] Jason Momoa, Amber Heard, Nicole Kidman"
223,https://www.youtube.com/watch?v=RKcxSXA7BF8,Mera Makeup Tutorial | AQUAMAN
224,https://www.youtube.com/watch?v=UxcepsW67aE,"Jason Momoa, Amber Heard and James Wan at the ‚ÄòAquaman‚Äô Asian Press Conference, Part 1"
225,https://www.youtube.com/watch?v=eTsDlaqsZ_s,"""AMBER'S GETS PAID"" Aquaman 2 Made Amber Heard Hollywood's Highest-Paid Actress | The HollyVibe"
226,https://www.youtube.com/watch?v=qLOEeT3CMdw,"Remove Amber Heard From Aquaman 2 Petition Reaches 400,000!!"
227,https://www.youtube.com/watch?v=bCk2xMs6j8M,"Celebrities DEFENDING Johnny Depp against Amber Heard (Elon Musk, Jason Momoa, Sia, Alice Cooper)"
228,https://www.youtube.com/watch?v=B7gaO2v8uHc,Amber Heard or Emilia Clarke in Aquaman 2?? | Addressing The Obvious
229,https://www.youtube.com/watch?v=zQBtLRIKcV0,Jason Momoa Had To Drag Amber Heard Out Of The Water In This ‚ÄòAquaman‚Äô Scene | Entertainment Weekly
230,https://www.youtube.com/watch?v=yNXnuQM4GkI,Emilia Clarke Not Replacing Amber Heard In Aquaman 2? - Secret Invasion Casting
231,https://www.youtube.com/watch?v=RkdZdJw09YU,"Aquaman stars Jason Momoa, Amber Heard visit Manila"
232,https://www.youtube.com/watch?v=P5n4tYICpXU,Amber Heard FIRED from Aquaman 2 Weeks Ago | The Real Truth
233,https://www.youtube.com/watch?v=ClmCFI9XIT8,"'Amber Heard'   ""AquaMan""  Interview"
234,https://www.youtube.com/watch?v=LtWNbfA8PM0,Amber Heard (Mera) AQUAMAN Interview
235,https://www.youtube.com/watch?v=wlh7AbYUfqk,Amber Heard Fired From Aquaman 2... Emilia Clarke Replaces Her As Mera?
236,https://www.youtube.com/watch?v=GGYBfoTQROU,"FANS DE JHONNY DEEP GANARON, AQUAMAN 2 TENDR√Å NUEVA PROTAGONISTA FEMENINA"
237,https://www.youtube.com/watch?v=5MH_vB979rA,Calls for Amber Heard to be Removed from Aquaman 2
238,https://www.youtube.com/watch?v=EpfINcuYjOY,Queen Mera üòçWhatsApp Status || Amber Heard || Aquaman
239,https://www.youtube.com/watch?v=4wZ3ywQdoMM,Aquaman 2 Petition To Remove Amber Heard At Over A Million Signatures
240,https://www.youtube.com/watch?v=_JuixqHHwNY,Amber Heard Petition To REMOVE Her From Aquaman 2 Passes 1 MILLION Signatures!
241,https://www.youtube.com/watch?v=bc6cyNj5dGw,Amber Heard shows off Mera‚Äôs fight moves in ‚ÄòAquaman‚Äô training video
242,https://www.youtube.com/watch?v=BnU8MhQTINY,"Amber Heard Talks ‚ÄòAquaman‚Äô, Hollywood Abuse Allegations And The Yes Decision"
243,https://www.youtube.com/watch?v=Sb_xI-vFTcU,Amber Heard Reportedly Getting Salary Raise For Aquaman 2 | Flixet
244,https://www.youtube.com/watch?v=dvc_HbwjIco,AMBER HEARD DESTROYED MY CAREER: Johnny Depp SPEAKS UP ON Losing His Acting Career | Celebrity Craze
245,https://www.youtube.com/watch?v=mUl0RjmS5OA,Amber Heard SUING Warner Bros. For Aquaman 2 Decision | Celebrity Craze
246,https://www.youtube.com/watch?v=_MZN8T8WGcQ,Petition to Remove Amber Heard from Aquaman 2!  Admits to Burning Depp with Cigarettes & Abuse!
247,https://www.youtube.com/watch?v=2qnybI-Zl-s,Amber Heard talks playing Mera - Aquaman Exclusive Interview (2018)
248,https://www.youtube.com/watch?v=mYr9NqqcnWw,"AQUAMAN Behind The Scenes | Jason Momoa, Amber Heard, Patrick Wilson | Warner Bros."
249,https://www.youtube.com/watch?v=bx1_Kok59aQ,Johnny Depp's HUGE Win Over Amber Heard & the ACLU!
250,https://www.youtube.com/watch?v=TeTw1AJA39Y,EMILA CLARKE REPLACING AMBER HEARD IN AQUAMAN 2?
251,https://www.youtube.com/watch?v=AqJYUKSoMdI,Johnny Depp Marvel move could FINISH Amber Heard! Aquaman 2 is DONE!
252,https://www.youtube.com/watch?v=XIvQ1hM5IDQ,"Amber Heard ‚Äì Evoluci√≥n en el cine. Aquaman, Justice League, Mike Magic XXL."
253,https://www.youtube.com/watch?v=D4NCX6WjBAw,‚ù§Ô∏è DATOS que NO CONOC√çAS sobre AMBER HEARD | Aquaman | Zombieland | The Danish Girl
254,https://www.youtube.com/watch?v=f7Ac6DbbUM4,ONE MILLION People Want Amber Heard FIRED Off Aquaman 2?!
255,https://www.youtube.com/watch?v=aa8qCDzlArM,Johnny Depp Fans Rally Against Amber Heard After ‚ÄòAquaman 2‚Äô Title Reveal | Celebrity Craze
256,https://www.youtube.com/watch?v=Jlf24YAJdF8,aquaman | mera control water || amber heard |
257,https://www.youtube.com/watch?v=QOY1eVFpZxw,Amber Heard ('Aquaman'): ‚ÄúNecesitamos m√°s mujeres fuertes. Necesitamos m√°s superhero√≠nas‚Äù
258,https://www.youtube.com/watch?v=a4E8XK5sUb0,Aquaman 2 Mera - Should Amber Heard be Fired?
259,https://www.youtube.com/watch?v=OrPAa_gsud4,Amber Heard in Hot Water? Time Behind Bars Possible for Aquaman Star as Depp Seeks Justice!
260,https://www.youtube.com/watch?v=Bb1IBX6my3c,"AQUAMAN ""Fish Boy"" Trailer [HD] Jason Momoa, Amber Heard, Willem Dafoe, Nicole Kidman"
261,https://www.youtube.com/watch?v=aVtuuRzoY98,Amber Heard is finally FIRED from Aquaman 2?!
262,https://www.youtube.com/watch?v=UJU7rcIBuAU,"Aquaman 2 FLOPS on its FIRST DAY of FILMING, PROVING Heard is DONE!"
263,https://www.youtube.com/watch?v=K-Pz0-fBA1I,"Amber Heard ('Aquaman'): ""We need more strong women. We need more female superheroes"""
264,https://www.youtube.com/watch?v=9ENue8BUqgM,"500,000 People Say REMOVE Amber Heard from Aquaman 2!"
265,https://www.youtube.com/watch?v=bSZyP2JpXJA,N·ªØ Ch√≠nh Aquaman - M·ªπ Nh√¢n ƒê·∫πp Nh·∫•t Th·∫ø Gi·ªõi Nh∆∞ng V·∫´n B·ªã Gh√©t V√¨ S·ªü Th√≠ch ‚Äúƒê√†o M·ªè‚Äù
266,https://www.youtube.com/watch?v=VJWhl3e9SIk,Amber Heard lost her role in Aquaman 2
267,https://www.youtube.com/watch?v=Kigoj9r5rXY,Emilia Clarke To Replace Amber Heard in Aquaman 2
268,https://www.youtube.com/watch?v=dNvhbUUs0pc,Thift Shop | Jason Momoa And Amber Heard | Aquaman | Godsgiftex
269,https://www.youtube.com/watch?v=fHxSp8l6dBE,Aquaman 2: Amber Heard Shares Photo From Her Mera Workout Session
270,https://www.youtube.com/watch?v=bhnhwN4O4Zw,"Jason Momoa, Amber Heard, Patrick Wilson, James Wan & more - Exclusive Aquaman Interviews"
271,https://www.youtube.com/watch?v=KCzrsJXAnlc,¬øDeber√≠a Amber Heard Dejar de Ser Mera En Aquaman? - Criticas Banana
272,https://www.youtube.com/watch?v=2xB3aAxgUrk,Aquaman Lovely Scenesüòç Full Screen HD WhatsApp Status || Amber Heardüíì
273,https://www.youtube.com/watch?v=KG0w65kXkhc,Amber Heard To Return As Mera For Aquaman 2???
274,https://www.youtube.com/watch?v=bw1utvnlU3A,Amber Heard FIRED From Aquaman 2 ?
275,https://www.youtube.com/watch?v=OANW0uC-vrc,"Amber Heard ""AQUAMAN"" Por Tr√°s das C√¢meras"
276,https://www.youtube.com/watch?v=eLhYiY2L4tI,Aquaman 2 | Amber Heard's Role REDUCED! NOT Good ENOUGH!
277,https://www.youtube.com/watch?v=3quJX79Yjqg,"Amber Heard FIRED! ""Reduced Role"" or WORSE in Aquaman 2 IS HAPPENING"
278,https://www.youtube.com/watch?v=5DEDh3OlCxk,Aquaman / Kiss Scene (Amber Heard and Jason Momoa)
279,https://www.youtube.com/watch?v=_2WTje0wcB4,"Amber Heard Plays A Strong, Badass Superhero in AQUAMAN!"
280,https://www.youtube.com/watch?v=-cqVoAzrhs8,Amber Heard Secretly Recorded by Raven Symone LOCKED Out of Her Car!
281,https://www.youtube.com/watch?v=Gn-kEWSgX8w,Amber Heard Keeps 'Aquaman' Role As Johnny Depp Is Fired
282,https://www.youtube.com/watch?v=m1yiMSFWLlY,Aquaman 2: Amber Heard To Be Replaced By Emilia Clarke? Who is New Mera? DC 2020
283,https://www.youtube.com/watch?v=YgxmExH5EFo,Amber Heard Replaced by Emilia Clarke? | Aquaman 2
284,https://www.youtube.com/watch?v=XOkiW3H_pu8,Amber Heard Won't Lose Role In Aquaman 2
285,https://www.youtube.com/watch?v=MzZSEWEqDx4,Johnny Depp Fans SLAMMED In Amber Heard's HONOR!
286,https://www.youtube.com/watch?v=aB7HS_L2AxY,Amber Heard beautiful üòç entry // Aquaman // status video mass entry-level
287,https://www.youtube.com/watch?v=CwxkWkOmvqU,Amber Heard PROVOKING Johnny Depp's Fans W/ Aquaman 2 IG Photos | Celebrity Craze
288,https://www.youtube.com/watch?v=fDW-sqNiCQQ,"Nuevo Green Arrow, Andrew Garfield en SpiderMan, Amber Heard Aquaman 2, Godzilla vs Kong reacciones"
289,https://www.youtube.com/watch?v=01BoXlJ24Vc,Jason Momoa's Thoughts on Working with Amber Heard on Aquaman 2 | Flixet
290,https://www.youtube.com/watch?v=bNjQydyUQt4,"AMBER  HEARD ES DESPEDIDA DE AQUAMAN 2, SPIDERMANS REGRESARAN, NEW MUTANTS LA GRAN SORPRESA"
291,https://www.youtube.com/watch?v=p4xI3hu1L4s,"dibox a solas con Amber Heard ""Mera"" en #Aquaman / Hablando en espa√±ol"
292,https://www.youtube.com/watch?v=iRTZFqKnmGQ,Amber Heard Returns For Aquaman 2 Despite Controversy With Johnny Depp
293,https://www.youtube.com/watch?v=rcR6WmGLm04,Will Amber Heard Be FIRED From Aquaman 2?
294,https://www.youtube.com/watch?v=pFI7ovOfY9Y,Aquaman - Bande Annonce Officielle 2 (VF) - Jason Momoa / Amber Heard
295,https://www.youtube.com/watch?v=hRdV-WFKJpE,Amber Heard Defense Team QUITS! Emilia Clarke as MERA in Aquaman 2?!
296,https://www.youtube.com/watch?v=KojF2URldro,Amber Heard Interview - Aquaman
297,https://www.youtube.com/watch?v=dyqPEVAfigo,"Will Amber Heard Hurt the Aquaman 2 Box Office, Or Not?"
298,https://www.youtube.com/watch?v=-oiY6WtFejA,Emilia Clarke SPEAKS OUT On Being Amber Heard's Replacement In Aquaman 2
299,https://www.youtube.com/watch?v=8y4h4LLUS2k,WARNER ELIMINAR√Å a AMBER HEARD de AQUAMAN 2 (LA VERDAD)
300,https://www.youtube.com/watch?v=YO_Kq-CYpTM,|| Amber Heard Aquaman Best Whatsapp Status Ever || #amberheard #marvel #vs!
301,https://www.youtube.com/watch?v=jd3nyLeILhY,Amber Heard spinoff de Aquaman ¬°Robert Downey Jr no regresa como Iron Man! Henry Cavill Imparable
302,https://www.youtube.com/watch?v=IRDVIXa_5EM,Aquaman 2 Producer doesn't care about Fan Backlash For Amber Heard
303,https://www.youtube.com/watch?v=upMvpa7eC7g,"AQUAMAN ""Go Home"" TV Spot [HD] Jason Momoa, Amber Heard, Nicole Kidman"
304,https://www.youtube.com/watch?v=9zpB-HTF4Nc,Justice League: Amber Heard Confirms Role as Aquaman‚Äôs Queen
305,https://www.youtube.com/watch?v=JxG8K14wtf0,Amber Heard TAUNTS JusticeForJohnnyDepp and Aquaman 2 Petition!!
306,https://www.youtube.com/watch?v=tCaEHBdEJk4,Aquaman | Mera | Amber Heard best Cute Moments | Short Video 4k 60fps #Shorts
307,https://www.youtube.com/watch?v=kKz8trZleCI,Amber Heard OFFICIALLY Replaced By Margot Robbie In Aquaman 2!???
308,https://www.youtube.com/watch?v=zDTyxgnDfaQ,Aquaman revenge | Amber Heard |#shorts
309,https://www.youtube.com/watch?v=tmldxsN9-qQ,Aquaman 2: Amber Heard Fired From Aquaman 2 Rumors Debunked.
310,https://www.youtube.com/watch?v=sY0L0I1pqxU,Celebrities Furiously React to Hollywood Protecting Amber Heard
311,https://www.youtube.com/watch?v=U-lnCZF-12A,En rodaje: Jason Momoa y Amber Heard graban Aquaman
312,https://www.youtube.com/watch?v=RJS22DWgeq4,EMILIA CLARKE TRIED TO REPLACE AMBER HEARD in Aquaman 2 | The HollyVibe
313,https://www.youtube.com/watch?v=aFNYF1npRMw,Mera - All Scenes Powers | Aquaman
314,https://www.youtube.com/watch?v=CSz474fAAuk,Amber Heard NOT FIRED From Aquaman 2 & The DOUBLE STANDARD Is Sickening!
315,https://www.youtube.com/watch?v=Xt4YRtiUxVc,Amber Heard | Aquaman Kiss Scene 2018
316,https://www.youtube.com/watch?v=UVl_XyyONn4,Amber heard Aquaman status
317,https://www.youtube.com/watch?v=B9ZaUwfDvg4,Amber Heard‚Äôs Lawyer QUITS & EXPOSES Amber For Ruining Johnny Depp!?
318,https://www.youtube.com/watch?v=dBi3y4w3oAY,"Aquaman vs Black Manta. Sicily | Aquaman [4k, HDR]"
319,https://www.youtube.com/watch?v=MvIin7KOZH4,Aquaman ‚ô°‚ô°|Amber heard|‚ô°‚ô° |Whatsapp status| |Go Status| #Shortsüî•
320,https://www.youtube.com/watch?v=hvrNqFybyuI,The Petition To Remove Amber Heard From Aquaman 2 Has Reached OVER 1 MILLION Signatures !
321,https://www.youtube.com/watch?v=YFZVYrBojD0,Why Amber Heard to be Removed From the Cast of Aquaman 2 ??? Explained in Tamil
322,https://www.youtube.com/watch?v=Jith4c6XcTQ,Amber Heard To KEEP Aquaman and L'Oreal Contracts | Absolutely Abhorrent Behavior!
323,https://www.youtube.com/watch?v=k-qJirGb3F4,Emilia Clarke To Take Over As Mera In 'Aquaman 2' From Amber Heard? | Flixet
324,https://www.youtube.com/watch?v=ewn882io1HE,See JOHNNY DEPP take over Amber Heard's role as MERA in Aquaman! | #shorts
325,https://www.youtube.com/watch?v=QJBfgFiTBaE,Amber Heard Reaction to being Fired from Aquaman 2 (Meme Edit)
326,https://www.youtube.com/watch?v=LSzbSHtafbA,¬øAMBER HEARD DESPEDIDA DE AQUAMAN 2?
327,https://www.youtube.com/watch?v=lpLr66Y1nN0,Amber Heard|Mera -  Aquaman | Full Screen Vertical WhatsApp Status.mera status
328,https://www.youtube.com/watch?v=CZtkA46Jw_o,Amber Heard FLAUNTS Aquaman 2 Hashtag!
329,https://www.youtube.com/watch?v=jnOU6IWnds8,Amber Heard Will Be in Aquaman 2. There Will Be A Boycott.
330,https://www.youtube.com/watch?v=h-wpBkiMKd0,"Caso de Johnny Depp y Amber Heard: Amber es atrapada mintiendo bajo juramento, Subitulos espa√±ol"
331,https://www.youtube.com/watch?v=YncWR73vc1I,"AQUAMAN ""Home Is Calling"" Promo [HD] Jason Momoa, Amber Heard, Patrick Wilson, Nicole Kidman"
332,https://www.youtube.com/watch?v=0bEk_ZDvZxE,"Aquaman Premiere Cast Arrivals & Autograph Signing - Jason Momoa, Amber Heard, Dolph Lundgren"
333,https://www.youtube.com/watch?v=NCZUqJc-jhU,Johnny Depp & Amber Heard: The Truth and Timeline of The Case
334,https://www.youtube.com/watch?v=9JuGhzD79C8,"AQUAMAN ""Amazing Worlds"" Trailer (NEW 2018) Amber Heard, Jason Momoa Movie HD"
335,https://www.youtube.com/watch?v=OdGpX2sAOvA,"Amber Heard Talks About Her Movie ‚ÄúAquaman"" | Sessions | The MVTO"
336,https://www.youtube.com/watch?v=1j7iNE6DKq4,Warner Bros To KEEP Amber Heard In Aquaman 2 Even After Leaked Audio #JusticeForJohnnyDepp
337,https://www.youtube.com/watch?v=Mehm8Cr3uj0,Amber Heard Still Starring in Aquaman 2 Despite Johnny Depp Battle
338,https://www.youtube.com/watch?v=gG8vgoMpclA,Warner Brothers Removing Amber Heard from Aquaman 2? |  What's Going To Happen
339,https://www.youtube.com/watch?v=XjDgLno9gMg,Johnny Depp FIRED! Will Backlash Hurt Amber Heard's Aquaman 2 Role?
340,https://www.youtube.com/watch?v=hlZvqOXWJ4M,Drawing Mera ( Amber Heard ) - Aquaman - DC - timelapse | Shiva Bemal Arts
341,https://www.youtube.com/watch?v=oF1qObzZE9w,Platiqu√© con Jason Momoa y Amber Heard por #Aquaman
342,https://www.youtube.com/watch?v=eoZRUgYEhu4,Remove AMBER HEARD From AQUAMAN 2 - LIVE Interview With The Petition CREATOR
343,https://www.youtube.com/watch?v=3_1qn0BbsWo,"""FIRE AMBER"" Hollywood STANDS w/ JOHNNY DEPP - Calls For WB To Fire Amber Heard | Celebrity Craze"
344,https://www.youtube.com/watch?v=cFW_trwL2JE,aquaman status | Amber Heard üòç #shorts#youtubeshorts
345,https://www.youtube.com/watch?v=_5iPoS6lRF8,Amber heard whatsapp status | Aquaman Mera whatsapp status #AmberHeard #shorts #whatsappstatus
346,https://www.youtube.com/watch?v=JMl5wEKDW58,"She‚Äôs An Evil Lady! Amber Heard Rant, And a Discussion On Aquaman 2"
347,https://www.youtube.com/watch?v=dCH3vk7Twvo,"""AMBER HEARD FIRED"" #FireAmberHeard Makes a Comeback Amid ‚ÄòAquaman 2‚Äô News | The Gossipy"
348,https://www.youtube.com/watch?v=BP_TTKQGM6w,Amber Heard's birthday gets WRECKED thanks to Aquaman! The media targets Johnny Depp's mother!
349,https://www.youtube.com/watch?v=sIFJP0A7ivY,Amber Heard FIRED from Aquaman 2 - SHE POOPS IN BEDS!
350,https://www.youtube.com/watch?v=S9WGhjT78yo,Boycott Aquaman 2 - Amber Heard Is An Abuser! #JusticeForJohnnyDepp
351,https://www.youtube.com/watch?v=530pbPyLAUk,Celebrities React to Amber Heard Still Being in Aquaman 2
352,https://www.youtube.com/watch?v=C1Qe3rAUj1c,Explicando Johnny Depp VS Amber Heard pol√©mica
353,https://www.youtube.com/watch?v=Uty9v5HPbEA,Will Amber Heard Be in Aquaman 2!? Filming is Getting Close!
354,https://www.youtube.com/watch?v=r6Mxgrj2QoI,Amber Heard: Aquaman Interview | A superhero who happens to be a woman | Extra Butter
355,https://www.youtube.com/watch?v=c2gPJMAoIWQ,Warner Bros. to issue a statement regarding why Amber Heard is in Aquaman?
356,https://www.youtube.com/watch?v=Fh7aw4LHVsU,"Jennifer Lopez and Vanessa Hudgnes Interview Second Act, Amber Heard Aquaman and Mortal Engines cast"
357,https://www.youtube.com/watch?v=SkyQqxeNVrU,Amber Heard actions hey mama song || aqua man movie || #Amberheard #aquaman #hollywood #action #cool
358,https://www.youtube.com/watch?v=GFu1NXFvxNk,"Report Says Amber Heard Is OUT For Aquaman 2, Replaced By Emilia Clarke As Mera!"
359,https://www.youtube.com/watch?v=BLs1btl4lD8,Johnny Depp vs. Amber Heard: Petition to Get Heard FIRED from Aquaman 2?!
360,https://www.youtube.com/watch?v=NiCYH2UfAiM,SE HIZO JUSTICIA: ¬°Echaron a AMBER HEARD! El ultimo pedido de CHADWICK BOSEMAN y TRUMP se curo
361,https://www.youtube.com/watch?v=2nVzxf7FJbQ,AQUAMAN 2 Producer Addresses Amber Heard Backlash
362,https://www.youtube.com/watch?v=BfwY0ZnQd0g,"AQUAMAN ""Arthur Vs. Ocean Master"" Clip [HD] Jason Momoa, Amber Heard, Patrick Wilson"
363,https://www.youtube.com/watch?v=Bu1uOt5Tyoc,Elon Musk Speaks Against Amber Heard & Defends Johnny Depp!!!
364,https://www.youtube.com/watch?v=tcfGQYzt-Xs,Amber Heard aquaman New Whatsapp Status Video
365,https://www.youtube.com/watch?v=dXZI51zEUNo,AQUAMAN MERA ANGRY | AMBER HEARD | Serhat Durmus | #Aquaman #AmberHeard #Shots #SerhatDurmus
366,https://www.youtube.com/watch?v=hTzYwp_s2ds,Warner Bros To Remove Amber Heard From Aquaman 2 After Abuse Allegations?
367,https://www.youtube.com/watch?v=htZR7A4LvXc,Too Crazy?  Amber Heard 'Aquaman 2' Role May Be Reduced (I Wonder Why)
368,https://www.youtube.com/watch?v=LW0N2Od_ZjU,AMBER HEARD'S SHOCKED As #FireAmberHeard Makes A Comeback AMID Aquaman 2 News Pt 1 | Celebrity Craze
369,https://www.youtube.com/watch?v=YS276QI8TeU,Amber heard/ aquaman / WhatsApp status
370,https://www.youtube.com/watch?v=jc3GoybqWLo,Aquaman 2 RUMOR - Amber Heard Mera Replacement is Asian Dolphin?
371,https://www.youtube.com/watch?v=RevqoMt3zZM,Inside Sources Claim Amber Heard Was Officially Fired From Aquaman 2 #JusticeForJohnny?!?!?!
372,https://www.youtube.com/watch?v=y2CRst_otts,Zack Snyder FIRES Amber Heard from Aquaman 2 (Fans Have Spoken)
373,https://www.youtube.com/watch?v=HrfrQx-MODo,"""SHE'S NOT GOING ANYWHERE"" Amber Heard STAYING IN Aquaman 2 CONFIRMED by Director | Celebrity Craze"
374,https://www.youtube.com/watch?v=Di7-u0awsp8,"Aquaman Spinoff ""The Trench"" Cancelled Because of Amber Heard"
375,https://www.youtube.com/watch?v=qsMU6Ed2pOQ,Amber Heard OFFICIALLY Confirmed For Aquaman 2 | Johnny Depp Receives NO Justice!!
376,https://www.youtube.com/watch?v=dGkG6EfA2vs,Amber Heard  Full Screen üî•#amberheard#aquaman#smilepleasebaba#fatheronpick#hot#sexy#boldvideo
377,https://www.youtube.com/watch?v=HCHSjEPo3Wg,Amber Heard Fired From Aquaman 2 Or Role Reduced? Rumors Say Maybe
378,https://www.youtube.com/watch?v=yZVHUzIe4jI,Amber Heard Aquaman 2  - Are The Rumors TRUE? Aquaman 2 Amber Heard OUT And Emilia Clarke IN
379,https://www.youtube.com/watch?v=3gLxNtqhR18,Johnny Depp fans demand Amber Heard is sacked from Aquaman - producer responds ( Magazine News )
380,https://www.youtube.com/watch?v=kNA2wjVsp9c,Amber Heard Workout For Aquaman-2 üî•
381,https://www.youtube.com/watch?v=vyj2ObvTalg,Don't mess with me | Aquaman | Amber Heard | #shorts
382,https://www.youtube.com/watch?v=1Q1S8jve-2o,"AQUAMAN 2 (2022) Teaser Trailer - Jason Momoa, Amber Heard (Fan Made)"
383,https://www.youtube.com/watch?v=XDMj7QmooAk,Justice For Johnny Depp at Warner Bros Studio where Amber Heard is filming Aquaman 2
384,https://www.youtube.com/watch?v=pLYxM0ztStg,"""I LIED"" Amber Heard Apologies to Johnny Depp (IG LIVE VIDEO)"
385,https://www.youtube.com/watch?v=H1oWB02RCio,Amber Heard Back in Aquaman 2 Confirmed?
386,https://www.youtube.com/watch?v=l5dfRxlXrv0,Amber Heard Fired from Aquaman 2 Emilia Clarke to Replace Her
387,https://www.youtube.com/watch?v=NjY9efAg9s0,Viral video: Amber Heard and Mera actress Prepares For Aquaman 2 Shoot With Intense Workout Video
388,https://www.youtube.com/watch?v=BGeLz-cXimw,üòòAmber Heardüòò cute status || Aquaman status || romantic ringtone status | 4k status | whatapp status
389,https://www.youtube.com/watch?v=U1hZ6MLjCY0,"Amber Heard's Role as Mera May Be Reduced in ""AQUAMAN 2"" Movie - Update (2020)"
390,https://www.youtube.com/watch?v=iRkweYsD_Jg,"""She's Shady"" Alex Rodriguez Speaks On Jennifer Lopez (IG LIVE)"
391,https://www.youtube.com/watch?v=a5F6nU_0WO4,"Amber Heard is Innocent 3 - Domestic Abuse, Aquaman, Melissa Benoist, & Change Culture (Documentary)"
392,https://www.youtube.com/watch?v=rzD87uGjuq0,"""Why Me"" Amber Heard Reacts To Being REMOVED from Aqua Man 2"
393,https://www.youtube.com/watch?v=bHxQQdnpqRk,AMBER HEARD INTERVIEW | AQUAMAN
394,https://www.youtube.com/watch?v=aXGrdEpkISM,Aquamanüî•üî•and Amber heard‚ô•Ô∏èüíûwhatsApp status HD #shorts
395,https://www.youtube.com/watch?v=BRFVBWLj2KY,Amber Heard FLOPS On Her First Days of Filming Aquaman 2
396,https://www.youtube.com/watch?v=INVkIHsJwAk,Aquaman but Emilia Clarke is DeepFaked into it as Mera
397,https://www.youtube.com/watch?v=l6GkvhdSb_g,WOW: ¬°AMBER HEARD sigue en AQUAMAN 2 y CHADWICK BOSEMAN oculto todo! El secreto de BILL GATES
398,https://www.youtube.com/watch?v=kPmGido5chs,Mera - All Powers & Fights Scenes (Justice League Snyder's Cut)
399,https://www.youtube.com/watch?v=nHIEjbfXWok,Is Amber Heard flirting with Zach Synder to keep her Aquaman 2 Role
400,https://www.youtube.com/watch?v=2xnwEEyWas0,aquaman mera WhatsApp status in Amber heard  1080P HD720P 60FPS VERTICAL MARVEL STUDIO LEGANDS
401,https://www.youtube.com/watch?v=ohThFnIf9hg,Amber Heard Confirms Aquaman 2 While Taking Hypocritical Shot at Johnny Depp - Lawyer Reacts
402,https://www.youtube.com/watch?v=UQZE-3t0wcM,Roblox Aquaman Event Feat. Jason Momoa and Amber Heard
403,https://www.youtube.com/watch?v=BOnB2glTh08,Aquaman's Amber Heard Interviewed by Zoe C.
404,https://www.youtube.com/watch?v=AsdMP4r05HI,"Aquaman - Final Trailer (2018) Jason Momoa, Amber Heard"
405,https://www.youtube.com/watch?v=pC1Njjp8WP8,"Aquaman star, Amber Heard loves Babies & Muscles Cars!!!"
406,https://www.youtube.com/watch?v=Fby6YdDEpFM,"""We're Sorry"" Disney Rehires Johnny Depp After Destroying Amber Heard in Court"
407,https://www.youtube.com/watch?v=h6GbC9WNgnw,Aquaman Mera Best Scenes || Amber Heard ||
408,https://www.youtube.com/watch?v=avmRQU6LkaA,"AQUAMAN ""Arthur & Mera"" Trailer (NEW, 2018) Jason Momoa, Amber Heard Superhero Movie HD"
409,https://www.youtube.com/watch?v=tnmJb4Bit2c,Aquaman 2 PETITION To Remove AMBER HEARD Could Reach 500k THIS WEEK But Will It Work?
410,https://www.youtube.com/watch?v=ahdsps9rCZs,Amber Heard NOT FIRED From Aquaman 2
411,https://www.youtube.com/watch?v=zWa8JWUk7xo,"The Petition To Remove Amber Heard From Aquaman 2 Skyrockets Past 1,000,000+ Signatures | Let's Rant"
412,https://www.youtube.com/watch?v=VynxHh68lWE,The SHOCKING Reason Why Amber Heard's GQ Interview Got Deleted
413,https://www.youtube.com/watch?v=cMJT2B__5Z0,"AQUAMAN ""Arthur Meets Mera"" Clip [HD] Jason Momoa, Amber Heard, Patrick Wilson, Willem Dafoe"
414,https://www.youtube.com/watch?v=iDoUAwSez88,Amber heard üíñ || Aquaman Mera || 4K Full-screen || Whatsapp Best Status || Gokulkrish Editz.....
415,https://www.youtube.com/watch?v=GJ16lEEUmNU,Amber Heard | Aquaman | Whatsapp Status | #Wharan full screen #jhoney #aquamen #aquamen
416,https://www.youtube.com/watch?v=AgXRq7YMHYw,#amberheard #aquaman  Mera  ft.  || Aquaman Jasonmamoa ||marvelvsdceu || lean on major lazer Djsnake
417,https://www.youtube.com/watch?v=4lv5OefFwnA,Aquaman 2018 - Jason Momoa/Amber Heard Scene | Top Movie Scene HD |
418,https://www.youtube.com/watch?v=0L_AkpaiTzs,Amber Heard FIRED?!?!  New Clues From Zack Snyder & Emila Clark Point To Aquaman 2 REMOVAL
419,https://www.youtube.com/watch?v=09EbexAQAT8,‚ÄòAquaman 2‚Äô Producer Confirms Amber Heard Will Not Be Removed From Film
420,https://www.youtube.com/watch?v=0O9NVCgZzmM,"""AMBER'S DONE"" Johnny Depp REACTS TO Amber Heard Being In Aquaman 2 | The Gossipy"
421,https://www.youtube.com/watch?v=1CDkg0UZMlY,Aquaman and Mera | Jason Mamoa #shorts #aquaman #dc #Mera #Amberheard #Jasonmamaoa #mera
422,https://www.youtube.com/watch?v=lbz-aaNo56U,Bots on Change.org with Russian IP - Amber Heard & Aquaman
423,https://www.youtube.com/watch?v=1EEYwI-7ZUU,AQUAMAN 2 Producer Won't Fire Amber Heard Despite Fans' Demands
424,https://www.youtube.com/watch?v=qg9H0_ulnCE,Amber Heard Replies To Johnny Depp Fans On Twitter
425,https://www.youtube.com/watch?v=fkS6HiPzgR4,Amber Heard's Mera has been RECAST for Aquaman 2! - Movie Fake News Broadcast Network (NOT REAL)
426,https://www.youtube.com/watch?v=C-K0iNrpyig,Amber Heard Aquaman's GF Status Video Instagram Reels MX Takatak Tiktok Short Full Screen 4K Video
427,https://www.youtube.com/watch?v=rYTVB52-Pok,"Remove Amber Heard from Aquaman 2 Hits 450,000!"
428,https://www.youtube.com/watch?v=-mIU5PYWfzs,La Doble Vida De Amber Heard Completamente Revelada
429,https://www.youtube.com/watch?v=75WQ7aBGAG8,Entrevista a Amber Heard - Aquaman
430,https://www.youtube.com/watch?v=Fumj45rqzoM,"A PETITION To Remove Amber Heard From Aquaman 2 Has Over 485,000 Signatures !! Will YOU Sign It ??"
431,https://www.youtube.com/watch?v=HWJpg32IxiQ,Amber Heard | Aquaman | New Whatsapp Status | Full Screen üî•
432,https://www.youtube.com/watch?v=PYXp9wXHUWw,Emilia Clarke REACTION Before Replacing Amber Heard in Aquaman 2!
433,https://www.youtube.com/watch?v=nF2trly23ww,"Amber Heard ‡§ï‡•ã Jason Momoa ‡§ï‡•Ä Blockbuster Film Aquaman 2 ‡§∏‡•á ‡§ï‡§ø‡§Ø‡§æ ‡§¨‡§π‡§æ‡§∞, ‡§ú‡§æ‡§®‡§ø‡§è ‡§ï‡•ç‡§Ø‡•ã‡§Ç | FilmiBeat"
434,https://www.youtube.com/watch?v=2Wl3QRrhPwM,Amber Heard new cute statusshorts amber heard aquaman status  #shorts üòçüíó
435,https://www.youtube.com/watch?v=kdTKeqyrOFQ,Amber Heard Edit | Creative Images Whatsapp Status | #AmberHeard#mera#aquaman#Shorts
436,https://www.youtube.com/watch?v=fk9kR9L6O_c,Amber heard(Mera) Best Clips||Aquaman
437,https://www.youtube.com/watch?v=ivvOKs7B-Vw,"AQUAMAN Bande Annonce VF Finale (2018) Jason Momoa, Amber Heard"
438,https://www.youtube.com/watch?v=_J-FILbEC2o,aquaman mera WhatsApp status in vertical | Amber heard |
439,https://www.youtube.com/watch?v=de92bPkKKfc,AMBER HEARD'S SHOCKED As #FireAmberHeard Makes A Big Comeback AMID Aquaman 2 News Pt. 2| The Gossipy
440,https://www.youtube.com/watch?v=ToXopOzSZJs,aquaman mera WhatsApp status in vertical | Amber heard |
441,https://www.youtube.com/watch?v=zg78KGkfcyA,Aquaman üî• Amber Heard Status | Attitude Whatsapp Status | Faishal Meer Status
442,https://www.youtube.com/watch?v=L0FLn4JElSI,"AQUAMAN International Trailer #2 [HD] Jason Momoa, Nicole Kidman, Amber Heard"
443,https://www.youtube.com/watch?v=mPf5c2JOs6Q,Congrats! At Long Last the Aquaman Star AMBER HEARD Welcomes First Baby Daughter after this Struggle
444,https://www.youtube.com/watch?v=poyCzmHadrM,REVELAN AUDIO confirmando que Amber Heard GOLPEABA a Johnny Deep
445,https://www.youtube.com/watch?v=3a0wcQqRRYs,DC Fans Boycott Amber Heard in Aquaman 2 - Thoughts on Amber Heard Johnny Depp Situation
446,https://www.youtube.com/watch?v=jFvZXkDHOKM,amber Heard /Aquaman full hd4k video
447,https://www.youtube.com/watch?v=bqvbzQa4b3I,Amber Heard | Aquaman |Whatsapp status #Wharan full screen üî•
448,https://www.youtube.com/watch?v=TituKGX4-lM,üî•Aquaman-Queen shorts statusüíò ll Amber Heard ll Statusboy ll #lover_statusboyü§´ü§†
449,https://www.youtube.com/watch?v=doWKcniK6xM,"Remove Amber Heard From Aquaman 2 ""Petition"" - Update (2020)"
450,https://www.youtube.com/watch?v=yN1KkSXbUm8,Amber heard/Aquaman 1st Image Reaction
451,https://www.youtube.com/watch?v=LMyosW0jGmg,Conan Drinks A Pint With Jason Momoa & The Cast Of Aquaman | CONAN on TBS
452,https://www.youtube.com/watch?v=c9coT93FAdQ,Amber Heard doing really good acting in Aquaman
453,https://www.youtube.com/watch?v=ZyGNdVHvPhM,Best Fighting Scenes | Mera vs Atlantis Soldiers | Aquaman 2018
454,https://www.youtube.com/watch?v=j5XhaK2DYzk,Is WB Planning to Fire Amber Heard from Aquaman 2 If Need Be?
455,https://www.youtube.com/watch?v=Ho7YSCenXY4,Mera / Amber Heard / Aquaman #meraaquaman #amberheard #mera #dc #aquaman #shorts
456,https://www.youtube.com/watch?v=CGQG9j0hwb8,Amber Heard to be REMOVED From Aquaman 2? | What Happens Now?
457,https://www.youtube.com/watch?v=GYBFsTkNX2o,She's A Mystery To Me From Aquaman ft. Jason Momoa & Amber Heard
458,https://www.youtube.com/watch?v=MqtHVaz643o,Amber Heard whatsapp status|| Aquaman #shorts#amberheard#aquaman
459,https://www.youtube.com/watch?v=-XPnLo2K6XQ,Amber Heard & Jason Momoa answer the Scrambled! Eggbox interview
460,https://www.youtube.com/watch?v=yA6wDiHK_eA,Amber Heard Aquaman status #short #shorts
461,https://www.youtube.com/watch?v=nnfER5MOoY8,Heroines of Atlantis 'Aquaman' Behind The Scenes [+Subtitles]
462,https://www.youtube.com/watch?v=Ag1MuZZkaA4,These Actors will Replace Amber Heard in Aquaman 2!
463,https://www.youtube.com/watch?v=WdO1s4Dnadg,Amber Heard Aquaman's GF Status Video Instagram Reels MX Takatak Tiktok Short Full Screen 4K Video
464,https://www.youtube.com/watch?v=rLcCxZDjaAw,Amber Heard Wears A High-Fashion Swim Cap To The 'Aquaman' Premiere | Access
465,https://www.youtube.com/watch?v=WmXrR89Cso0,"‚ÄòAquaman‚Äô Cast on Keeping Secrets, Aquababies & ‚ÄòThe Snyder Cut‚Äô | MTV News"
466,https://www.youtube.com/watch?v=Cz0CM9boWXw,"Cancelled Batman Concept Art, Amber Heard Still Set for Aquaman 2, RDJ Still All Done w/ Iron Man"
467,https://www.youtube.com/watch?v=VzsKgPV9qjQ,"AQUAMAN 2 (2021) Official New Trailer Concept | Jason Momoa, Amber Heard | Movie Lookout"
468,https://www.youtube.com/watch?v=WzJD3RhAuI4,AMBER HEARD APOLOGIZES TO JOHNNY DEPP After Losing ALL Movie Roles | Celebrity Craze
469,https://www.youtube.com/watch?v=WuGUMC2bYsU,Mortal Kombat Backlash|Amber Heard is Back for Aquaman 2|A New Marvel Fail
470,https://www.youtube.com/watch?v=Jk3kLyYLtuw,Mera (Amber Heard) - Justice League (2017) and Aquaman (2018)
471,https://www.youtube.com/watch?v=8QKpgDmKaVA,Amber Heard Fired From Aquaman 2|Amber Heard Removed From Aquaman 2|Aquaman 2 Cast Mera|
472,https://www.youtube.com/watch?v=IweoDmCawUo,"Celebrities Apologizing for Defending Amber Heard In The First Place (Elon Musk, Jason Momoa, etc.)"
473,https://www.youtube.com/watch?v=yr2MWMrT8yw,AMBER HEARD SHOCKED To Hear Elon Musk REGRETS DATING Her - Johnny Depp Lawsuit | Celebrity Craze
474,https://www.youtube.com/watch?v=SwmjMaENnMs,amber heard hot in aquaman
475,https://www.youtube.com/watch?v=_RDsB9EbjEg,Amber heard üíñ || Aquaman Mera || 4K Full-screen || Whatsapp Best Status || Gokulkrish Editz.....
476,https://www.youtube.com/watch?v=AX0chTRMBOw,Amber Heard full screen whatsapp status |Aquaman|Remo status
477,https://www.youtube.com/watch?v=S0e5p7bJzuI,Amber Heard ‚ÄúAquaman‚Äù repeating every word 5 times 4
478,https://www.youtube.com/watch?v=EcjpRbyO87c,Amber Heard Aquaman Training
479,https://www.youtube.com/watch?v=Fx297KU4eUQ,[Joson Momoa & Amber Heard - Aquaman & Mera Best Status]
480,https://www.youtube.com/watch?v=JZzb8gRAp50,Amber heard WhatsApp Status Aquaman WhatsApp Status #AmberHeard #Shorts #WhatsApp Status
481,https://www.youtube.com/watch?v=8q5G_aFdRqw,Amber Heard Faked Her Pregnancy For Publicity?
482,https://www.youtube.com/watch?v=RUc6ZLQUNU4,Amber Heard aquaman whatsapp status | Mera | Amber heard play-date | Aquaman status #shorts
483,https://www.youtube.com/watch?v=CT3QXzd9WO4,Aquaman Mera Makeup Tutorial | Amber Heard
484,https://www.youtube.com/watch?v=H02Ex5u-4IU,amber heard Aquaman whatsapp status
485,https://www.youtube.com/watch?v=6gyQ0m6tbxs,Amber Heard_ 4k-Best what's up status ‚ù£Ô∏è||Aquaman ||Best scenes # Amberheard#ncaAndro#Aquaman
486,https://www.youtube.com/watch?v=FrvnVYmLFXc,First Look At Amber Heard As Mera In New Justice League
487,https://www.youtube.com/watch?v=PX4elmGphxM,Amber Heard - Aquaman - Whatsapp Status
488,https://www.youtube.com/watch?v=ncszPmBn3Bg,Amber Heard | Aquaman | Whatsapp Status¬†#Wharan‚Äã¬†Full Screen¬†
489,https://www.youtube.com/watch?v=huII79wxQA8,Aquaman Mera status |4K| [Amber Heard] | #restoretheSnyderVerse |
490,https://www.youtube.com/watch?v=fU1gp1Gh3-A,amber heard | aquaman | #Shorts
491,https://www.youtube.com/watch?v=deprVL9eLh8,Aquaman Attitude Status | Aquaman WhatsApp Status | Amber Heard WhatsApp Status
492,https://www.youtube.com/watch?v=3hxrOV-U2_w,Amber Heard Annoying Moments | Aquaman 2 Mera Cringe Moments | 2021
493,https://www.youtube.com/watch?v=QlXxOEaspF8,Aquaman - PROTECTOR OF THE DEEP | Battle Royal-Apashe | Jason Mamoa-Amber Heard | DCEU | Walkerworld
494,https://www.youtube.com/watch?v=YqWr-vKJyfE,Amber Heard - Aquaman EW interview
495,https://www.youtube.com/watch?v=NiuANPfN0ds,Aquaman 2 Is Filming & Amber Heard Is On The Job
496,https://www.youtube.com/watch?v=AYECKhUSbsc,Amber heard Aquaman Hot look | Only Media| #shorts
497,https://www.youtube.com/watch?v=9vSwSEadEaY,Amber Heard sued for 50 million dollars
498,https://www.youtube.com/watch?v=BpfUYwryCfw,Amber Heard's Mera Deals with a Drunk in Aquaman Set Video
499,https://www.youtube.com/watch?v=-naEhjdFHf4,Mera / Aquaman / Fight scene #amberheard #mera #aquaman #shorts #amberheard #hollywood
500,https://www.youtube.com/watch?v=yIPmdBuVE-U,"AQUAMAN 2 Bande Annonce  (2021) Jason Momoa, Amber Heard"
501,https://www.youtube.com/watch?v=Y0-3PgEsZHg,Amber Heard WhatsApp status | Amber heard aquaman WhatsApp status |Amber Johnny Depp WhatsApp status
502,https://www.youtube.com/watch?v=wKtrAb3AHUQ,Aquaman | Whatsapp status | 60FPS Status | #shorts#aquaman#amberheard
503,https://www.youtube.com/watch?v=9xnUIt-ZRxM,AMBER HEARD #shorts #amberheard #aquaman
504,https://www.youtube.com/watch?v=cKHglGX2rAU,Aquaman ‚òÖ Before And After
505,https://www.youtube.com/watch?v=Jc8hS0Z4Lhk,Aquaman 2 and the Lost Kingdom Official Trailer 2022 | Jason Momoam Amber Heard | DC
506,https://www.youtube.com/watch?v=PA8s4BII2ak,Amber Heard Share Workout Video for Aquaman 2
507,https://www.youtube.com/watch?v=TrP28wYAfPE,AMBER HEARD STILL IN AQUAMAN 2???
508,https://www.youtube.com/watch?v=LddeZwr9_Ao,Amber Heard Aquaman
509,https://www.youtube.com/watch?v=AFqCdli4p-s,üíìAmber Heard || Aquaman || 4K || Full Screen HD Status
510,https://www.youtube.com/watch?v=gMqDD7Z7Fnw,AMBER HEARD ABUCHEADA - JUICIO JOHNNY DEPP vs THE SUN
511,https://www.youtube.com/watch?v=m_9cXk7Jy_w,Amber Heard || Aquaman || New WhatsApp status
512,https://www.youtube.com/watch?v=Lr_eZcHnsDg,Amber heard (Aquaman) cool and beautiful üòòWhatsApp status
513,https://www.youtube.com/watch?v=J7hnSIRuuoU,Amber Heard | Aquaman | Whatsapp Status¬†#Wharan¬†Full Screen üî•
514,https://www.youtube.com/watch?v=iyWinFK4gCY,Amber Heard Aquaman's GF Status Video Instagram Reels MX Takatak Tiktok Short Full Screen 4K Video
515,https://www.youtube.com/watch?v=k_ykmFsvfZA,"RIP In Piece Blizzard Entertainment, Scarlet Johansson Update, Riot Games Sued, Amber Heard Aquaman"
516,https://www.youtube.com/watch?v=9L_95RughlQ,DC and Warner Bros. NEVER CONSIDERED firing Amber Heard from Aquaman 2
517,https://www.youtube.com/watch?v=sDDy3ftEiho,Drawing Mera ( Amber Heard ) - Aquaman - DC | #shorts
518,https://www.youtube.com/watch?v=8AlhiLP2ku4,Aquaman 2 : The Lost Kingdom | Official Trailer | Jason Momoa | Amber Heard | James Wan
519,https://www.youtube.com/watch?v=AnAKHCgMleQ,Amber Heard | Aquaman | Attitude WhatsApp status | Dc_sk
520,https://www.youtube.com/watch?v=SePNII2hSiE,Amber Heard full 4k status | Aquaman |Status #Shorts
521,https://www.youtube.com/watch?v=y_hJoU6_GTk,"OVER 1 MILLION Signed Petition To REMOVE Amber Heard from Aquaman 2, Warner Bros DOESN'T CARE"
522,https://www.youtube.com/watch?v=3qQv9voEzI0,Aquaman MERAüòç Amber Heard 4K Status Vertical #aquaman #mera #merastatus #mera #aqua #lovestatus #100
523,https://www.youtube.com/watch?v=gW1V_05b4us,"Bots Sign Petitions & Incite Hate - Amber Heard, AQUAMAN, Change.org Petition BOTS, Warner Bros"
524,https://www.youtube.com/watch?v=SMiA4huAeb4,Aquaman Mera 4k Whatsapp Status || Amber Heard 4k Whatsapp Status || #amberheard #mera #heymama
525,https://www.youtube.com/watch?v=QGCE3Fo6R9k,"Amber Heard , Aquaman , Whatsapp Status , Aquaman mera vertical WhatsApp status , Amber heard status"
526,https://www.youtube.com/watch?v=ir7L54dFl0Q,Aquaman & Amber Heard kiss scene |Aquaman | #shorts
527,https://www.youtube.com/watch?v=3Nj2m7_iPHI,Amber heard _Atlanta Short Video aquaman Full screen WhatsApp status #Shorts
528,https://www.youtube.com/watch?v=0EnWvkLrBo0,Aquaman 2 Producer Peter Safran Defends Amber Heard & Slams Johnny Depp Supporters
529,https://www.youtube.com/watch?v=ks5CjE5dKdE,"Aquaman 2 Trailer (2021) | Jason Momoa, Release Date, Cast, Ending, Review, Amber Heard,Willem Dafoe"
530,https://www.youtube.com/watch?v=35Yjp4ai9iM,"MERA(Amber Heard)-AQUAMAN-Justice League, draw by PRONG LY"
531,https://www.youtube.com/watch?v=ERmmBAuqdjU,Amber Heard || Aquaman movie whatsapp status...
532,https://www.youtube.com/watch?v=yBhFDZ5AK1c,Aquaman 2 producer gets candid about Amber Heard's return
533,https://www.youtube.com/watch?v=Pq_GFlOXobY,"The Trench Scene | Aquaman [4k, IMAX]"
534,https://www.youtube.com/watch?v=XDwTmTlPiIc,#JusticeForJohnnyDepp - –ü–†–û–î–û–õ–ñ–ï–ù–ò–ï –ò–°–¢–û–†–ò–ò // –§–ê–ô–õ–´ –î–ñ–û–ù–ù–ò –î–ï–ü–ü–ê
535,https://www.youtube.com/watch?v=I2hsmifH7oo,Johnny Depp Wants Amber Heard Sanctioned!
536,https://www.youtube.com/watch?v=GeUsnrZieZs,Amber Heard Full Screen WhatsApp Status | Aquaman Wallpaper | Jenifer Shorts
537,https://www.youtube.com/watch?v=j8pnMR7ZFD0,"Producer Foolishly Thinks AH is ""Best"" for Aquaman 2"
538,https://www.youtube.com/watch?v=8Q0KYSXhKMU,Aquaman (2018) - The Trench Attacks Scene (7/10) | Movieclips
539,https://www.youtube.com/watch?v=8KDlhKLBAGc,Amber Heard ‚ù§Ô∏èüòç Cute What'sapp Status | Aquaman Status | Love Status | Crush Status
540,https://www.youtube.com/watch?v=Vveu5aY3d7I,BATFLECK IS BACK | AMBER HEARD IS STAYING | BLACK ADAM IS EDGY  | THE DC SUMMARY #2
541,https://www.youtube.com/watch?v=GzSBF21TYRo,Everything Hot With Aquaman ( Amber Heard )
542,https://www.youtube.com/watch?v=T3y-Dk1G-9w,Amber Heard's THIRD TRY at getting Johnny Depp Lawsuit THROWN OUT
543,https://www.youtube.com/watch?v=uwy7HdQvET8,EL PEOR DIA DE MI VIDA: Amber Heard se r√≠e de mi en Twitter üòµüíî
544,https://www.youtube.com/watch?v=Hnu3wQZGBV8,üíûüòçAmber heard best status üíûüòç #shorts #trending #viral #amberheard #aquaman #johnnydepp #Marvel #DC
545,https://www.youtube.com/watch?v=D7c8ZGLsuss,Jason Momoa Congratulates Amber Heard on Her New Arrival!
546,https://www.youtube.com/watch?v=gpYzJkm_5os,LIVE Johnny Depp vs Amber Heard Case
547,https://www.youtube.com/watch?v=ArSR9Te2z34,üî±Aquaman | Mera | Amber Heard best Cute Moments | Love At First sightü•∞| Short Video 4k 60fps #Shorts
548,https://www.youtube.com/watch?v=P5k5mHmSLyA,Should We Stop Criticizing Amber Heard‚Äôs Friends?
549,https://www.youtube.com/watch?v=Cs9Uyn0pZXY,Aquaman (2018) - Arthur Meets Mera Scene | Clip Series Blu-ray
550,https://www.youtube.com/watch?v=n9na0mDeI08,new amber heard !!hot üî• status!! Aquaman !! amber hot 4k status. #short #aquaman
551,https://www.youtube.com/watch?v=5hfDHcXW4WU,Jason Momoa DEFENDS Ray Fisher From Warner Bros Abuse! Clue to How Momoa thinks of Amber?
552,https://www.youtube.com/watch?v=2er6IKWT_7o,Jason Momoa's Thought On Amber Heard and Johnny Depp Abuse Controversy | Flixet
553,https://www.youtube.com/watch?v=G440kJneIw8,¬°Despidieron a AMBER HEARD por no cumplir su contrato! AURONPLAY vs WISMICHU y adios JAMES CHARLES
554,https://www.youtube.com/watch?v=C2jX2rxZS6U,"""I CAN'T STAND AMBER"" Jason Momoa SECRETLY HATES Working Alongside Amber Heard | The Gossipy"
555,https://www.youtube.com/watch?v=4pJIn3kbM9w,Elon Musk Jason Momoa and other Celebrities APOLOGIZING for Defending Amber Heard | Celebrity Craze
556,https://www.youtube.com/watch?v=c4aavOi8w5M,Aquaman [2018] | Movie Review/Rese√±a
557,https://www.youtube.com/watch?v=TadJiYYjufw,üö® Livestream Talking About The Johnny Depp vs Amber Heard Case
558,https://www.youtube.com/watch?v=GAOMWhQWyA8,Aquaman 2 producer Peter Safran revealed he never considered bowing to 'fan pressure' to remove Ambe
559,https://www.youtube.com/watch?v=rjb6H6h6QpQ,Amber heard riding cycle in london
560,https://www.youtube.com/watch?v=WWezsWF_Rok,Amber Heard Not Fired From 'Aquaman 2' Despite Pressure From Johnny Depp Fans To Get Her Axed From F
561,https://www.youtube.com/watch?v=GZA4XIW7BZE,AMBER HEARD CLAPS BACK As She REACTS TO THE HORRIBLE Reviews For Her New Movie | The Gossipy
562,https://www.youtube.com/watch?v=WpnC0BaNKRs,"""I Kicked Him"" Amber Heard Admits She Did Not Only Hit Johnny Depp"
563,https://www.youtube.com/watch?v=uxgCPIx7sM0,ELON MUSK responde a la acusaci√≥n de que AMBER HEARD le fue infiel a JOHNNY DEPP con √©l
564,https://www.youtube.com/watch?v=aWU10Vms11k,AMBER HEARD ü•∞AQUAMAN HEROINE | FULL SCREEN WATHSAPP STATUSüíï
565,https://www.youtube.com/watch?v=Z-ya1TDyBCY,Mera - Aquaman Full Screen WhatsApp Status | Amber Heard | #Shorts
566,https://www.youtube.com/watch?v=Tj5a8IefJnY,Aquaman - Mera Saves Arthur's Father Scene (2018)
567,https://www.youtube.com/watch?v=KDWx3ELwnR0,"AQUAMAN 2 (2022) Teaser Trailer - Jason Momoa, Amber Heard (Fan Made)"
568,https://www.youtube.com/watch?v=Plqey34Pnmk,Aquaman 2 Producer Says They Rejected The Firing/ Recasting Of Amber Heard Since She's Important
569,https://www.youtube.com/watch?v=8wkdX7slq7E,Justice for üíûüòçJohnny depp ü•∫üíû #viral #trending #shorts #johnnydepp #amberheard #captainjacksparrow
570,https://www.youtube.com/watch?v=S_e99sSuT6Y,"Mera AQUAMAN, rutina de EJERCICIOS Amber Heard ü§©"
571,https://www.youtube.com/watch?v=NNXBJJiuTsE,Aquaman Full screen whatsapp status l Jason Momao  l  Aquaman  Whatsapp Status #dc
572,https://www.youtube.com/watch?v=scV9LWFIaac,JASON MOMOA E AMBER HEARD FALAM SOBRE NOVIDADES DE AQUAMAN NA LIGA DA JUSTI√áA | LEGENDADO
573,https://www.youtube.com/watch?v=2ihwthI1mBk,EL FIN DE JOHNNY DEPP: ¬°Por culpa de AMBER HEARD Warner lo echo y su carrera peligra!
574,https://www.youtube.com/watch?v=RUZo-hfZ_Zw,ELON MUSK REVELA LOS SECRETOS DE AMBER HEARD: Warner la echa y EMILIA CLARKE sera Mera
575,https://www.youtube.com/watch?v=yEi7B6Ny-tc,Amber Heard Edit(60fps) | Whatsapp Status | #AmberHeard#mera#aquaman#Shorts
576,https://www.youtube.com/watch?v=CrXQEylzAm4,"Escape from Atlantis | Aquaman [4k, IMAX]"
577,https://www.youtube.com/watch?v=sliR5e-fcpM,üíûüòçAquaman best scene from movieüíûüòç Amber heard best status üòçüíû #shorts #trending #viral #amverheard#DC
578,https://www.youtube.com/watch?v=0Y_WRlTghH4,Amber Heard Hot in AQUAMAN
579,https://www.youtube.com/watch?v=nF74obZFKp8,Aquaman (2018) - Escape from Atlantis Scene (4/10) | Movieclips
580,https://www.youtube.com/watch?v=nFbWt9i66-4,Amber Heard Sexiest Aquaman Scenes
581,https://www.youtube.com/watch?v=qsszHse_0xU,Johnny Depp About How Amber Heard Tried To Ruin Him
582,https://www.youtube.com/watch?v=MrkXBsrZxMs,"Aquaman   Final Battle War Scene, Kiss Scene Mera (Part 2)"
583,https://www.youtube.com/watch?v=4HYIYW8uwUg,50 Shades Of Amber Heard ! A Part Of Amber Heard‚Äôs Statement of Truth or is it ??
584,https://www.youtube.com/watch?v=bb7d08CQHn8,"WHAT'S NEXT...TRANNIE MADNESS, OLYMPIC WOKE, AQUAMAN 2: DOMESTIC ABUSER STAYS..."
585,https://www.youtube.com/watch?v=homG4WL4sBI,[REVIEW] AQUAMAN
586,https://www.youtube.com/watch?v=JB_dI_awqQI,"No, Amber Heard Was Not Fired From Aquaman 2 | T Online"
587,https://www.youtube.com/watch?v=8oznVsDN3kQ,Celebrities That Tried To Warn Us About James Franco...
588,https://www.youtube.com/watch?v=hh1Tep3Owmo,Amber Heard Africa Aquaman Wonderful Hottest DC female Tribute movie Soundtrack remix love song
589,https://www.youtube.com/watch?v=tJ0EvepWXQQ,Aquaman Saves Fisherman  bar scene | aquaman bar scene | badguy bgm | stetus | aquaman 2018 |
590,https://www.youtube.com/watch?v=S9aITMV6Nk8,Late Night talks ‚ÄòAquaman 2‚Äô Producer Shuts Down Johnny Depp Fans Over Pressure to Fire Amber Heard
591,https://www.youtube.com/watch?v=bgJjk-uuMHE,Jason Momoa Birthday WhatsApp StatusüòéAquaman Birthday Status üî•Happy Birthday Jason Momoaüî•R√ÑG P√òINTüî•
592,https://www.youtube.com/watch?v=Y5vne0PUpsY,Jason Momoa Birthday WhatsApp Status | Aquaman Birthday Status | Happy Birthday Jason Momoa
593,https://www.youtube.com/watch?v=9UIQUyvWVKM,Johnny Depp & Dakota Johnson Funny Moments | Friendship Day
594,https://www.youtube.com/watch?v=DtuxPtZ_2qk,Mera AQUAMAN Rutina de ejercicios para las piernas Amber HEARD
595,https://www.youtube.com/watch?v=g7x9zwEGodM,[ Review phim ] Aquaman - ƒë·∫ø v∆∞∆°ng atlantis 2018. V·ªã Vua c·ªßa bi·ªÉn c·∫£
596,https://www.youtube.com/watch?v=RevkhSKbDY4,Amber Heard All Hot Scenes from London Fields | London Fields All kisses (4K)
597,https://www.youtube.com/watch?v=mhqTO5mWKEI,Aquaman 2 (2022) Teaser Trailer Concept Movie [HD] Jason Momoa
598,https://www.youtube.com/watch?v=ez_98fvOJVs,Amber Heard full screen whatsapp status | #shorts#amberheard
599,https://www.youtube.com/watch?v=QNAs4IZf2Ug,4K Full Screen Whatsapp Status | Amber Heard 4k full screen whatsapp status 4k#Shorts
600,https://www.youtube.com/watch?v=r11JguKzJ5M,Amber Heard 2019 (Mera Aquaman) SEXY Tributo FAP
601,https://www.youtube.com/watch?v=Zth1YqeTgNs,Aquaman Redhead Girl - Amber Heard Red Hair Girl 2018
602,https://www.youtube.com/watch?v=bUJTw20Qtkg,"Celebrities Apologizing For Defending Amber Heard! (Elon Musk, Jason Momoa, etc.)"
603,https://www.youtube.com/watch?v=aZJu2R2cOoQ,Aquaman 2 Producer Says He Won't 'React' to Johnny Depp Fan Pressure to Fire Amber Heard
604,https://www.youtube.com/watch?v=KjaIDULAEzI,Amber heard WhatsApp status | Amber Heard edit WhatsApp status | Amber Heard aquaman 4k hd status
605,https://www.youtube.com/watch?v=iHUheskUcvo,Aquaman 2018 - Chasing Scene HD 720p BluRay
606,https://www.youtube.com/watch?v=ZlTti_9iuQY,HOT: Amber Heard (Mera Aquaman) Hot Compilation 720p
607,https://www.youtube.com/watch?v=3zOBFvFG9_I,Amber Heard Hot Bikini Scene || Amber Heard Sexy scenes || Amber heard hot in aquaman || johnny depp
608,https://www.youtube.com/watch?v=vEI-3CTqJMk,Zack Snyder's Justice League - Aquaman & Mera fight Steppenwolf
609,https://www.youtube.com/watch?v=DqwNVPV9WFE,Amber Heard Hot Compilation
610,https://www.youtube.com/watch?v=LMx8qjwI_Ww,WB and AMBER HEARD Say DEPP FANS Are NOT Important !
611,https://www.youtube.com/watch?v=x7elOmHjAhs,DJ IT'S MY LIFE REMIX & BEAUTIFUL TEENS LATINA MODEL'S
612,https://www.youtube.com/watch?v=XelfniOHA94,Jason Momoa Emilia Clarke Nicole Kidman FURIOUSLY REACT To Working w/ Amber Heard | Celebrity Craze
613,https://www.youtube.com/watch?v=npea0hTrVK8,Kelewat C4N T1K dan S3K S1 ! 14 Film Amber Heard Yang Harus Ditonton Sendirian !
614,https://www.youtube.com/watch?v=ucRsDXgrGME,Response To ET Canada Amber Heard Playlist!!
615,https://www.youtube.com/watch?v=SoA65BDJyw4,amber heard workout for aquaman 2
616,https://www.youtube.com/watch?v=QQtAYVe_CqQ,Arthur Curry vs Black Manta (Pelea en Italia) - Aquaman (2018)
617,https://www.youtube.com/watch?v=H3VKFftTwjk,Aquamen actress amber herad full screen whatsapp status #beauty #hot #amberheard #aquamen
618,https://www.youtube.com/watch?v=g9pJZoiIUmQ,Combate de Mera Contra os Soldados (Aquaman)
619,https://www.youtube.com/watch?v=gCY8tZbkwmw,Mera - All Powers & Fight Scenes [DCAU]
620,https://www.youtube.com/watch?v=rrWXvTSz0sY,Peter Safran Defends Amber Heard Return In Aquaman 2
621,https://www.youtube.com/watch?v=tn76YXSrPRw,House MD 4.09 the firing song scene
,,
,,
,,
,,
,,
,,
,,
,,
,,
,,
,,
,,
,,
,,
,,
,,
,,
,,
,,
,,
,,
,,
,,
,,
,,
,,
,,
,,
,,
,,
,,
,,
,,
,,
,,
,,
,,
,,
,,
,,
,,
,,
,,
,,
,,
,,
,,
,,
,,
,,
,,
,,
,,
,,
,,
,,
,,
,,
,,
,,
,,
,,
,,
,,
,,
,,
,,
,,
,,
,,
,,
,,
,,
,,
,,
,,
,,
,,
,,
,,
,,
,,
,,
,,
,,
,,
,,
,,
,,
,,
,,
,,
,,
,,
,,
,,
,,
,,
,,
,,
,,
,,
,,
,,
,,
,,
,,
,,
,,
,,
,,
,,
,,
,,
,,
,,
,,
,,
,,
,,
,,
,,
,,
,,
,,
,,
,,
,,
,,
,,
,,
,,
,,
,,
,,
,,
,,
,,
,,
,,
,,
,,
,,
,,
,,
,,
,,
,,
,,
,,
,,
,,
,,
,,
,,
,,
,,
,,
,,
,,
,,
,,
,,
,,
,,
,,
,,
,,
,,
,,
,,
,,
,,
,,
,,
,,
,,
,,
,,
,,
,,
,,
,,
,,
,,
,,
,,
,,
,,
,,
,,
,,
,,
,,
,,
,,
,,
,,
,,
,,
,,
,,
,,
,,
,,
,,
,,
,,
,,
,,
,,
,,
,,
,,
,,
,,
,,
,,
,,
,,
,,
,,
,,
,,
,,
,,
,,
,,
,,
,,
,,
,,
,,
,,
,,
,,
,,
,,
,,
,,
,,
,,
,,
,,
,,
,,
,,
,,
,,
,,
,,
,,
,,
,,
,,
,,
,,
,,
,,
,,
,,
,,
,,
,,
,,
,,
,,
,,
,,
,,
,,
,,
,,
,,
,,
,,
,,
,,
,,
,,
,,
,,
,,
,,
,,
,,
,,
,,
,,
,,
,,
,,
,,
,,
,,
,,
,,
,,
,,
,,
,,
,,
,,
,,
,,
,,
,,
,,
,,
,,
,,
,,
,,
,,
,,
,,
,,
,,
,,
,,
,,
,,
,,
,,
,,
,,
,,
,,
,,
,,
,,
,,
,,
,,
,,
,,
,,
,,
,,
,,
,,
,,
,,
,,
,,
,,
,,
,,
,,
,,
,,
,,
,,
,,
,,
,,
,,
,,
,,
,,
,,
,,
,,
,,
,,
,,
,,
,,
,,
,,
,,
,,
,,
,,
,,
,,
,,
,,
,,
,,
,,
,,
,,
,,
,,
,,
,,
,,
,,
,,
,,
,,
,,
,,
,,
,,
,,
,,
,,
,,
,,
,,
,,
,,
,,
,,
,,
,,
,,
,,
,,
,,
,,
,,
,,
,,
,,
,,
,,
,,
,,
,,
,,
,,
,,
,,
,,
,,
,,
,,
,,
,,
,,
,,
,,
,,
,,
,,
,,
,,
,,
,,
,,
,,
,,
,,
,,
,,
,,
,,
,,
,,
,,
,,
,,
,,
,,
,,
,,
,,
,,
,,
,,
,,
,,
,,
,,
,,
,,
,,
,,
,,
,,
,,
,,
,,
,,
,,
,,
,,
,,
,,
,,
,,
,,
,,
,,
,,
,,
,,
,,
,,
,,
,,
,,
,,
,,
,,
,,
,,
,,
,,
,,
,,
,,
,,
,,
,,
,,
,,
,,
,,
,,
,,
,,
,,
,,
,,
,,
,,
,,
,,
,,
,,
,,
,,
,,
,,
,,
,,
,,
,,
,,
,,
,,
,,
,,
,,
,,
,,
,,
,,
,,
,,
,,
,,
,,
,,
,,
,,
,,
,,
,,
,,
,,
,,
,,
,,
,,
,,
,,
,,
,,
,,
,,
,,
,,
,,
,,
,,
,,
,,
,,
,,
,,
,,
,,
,,
,,
,,
,,
,,
,,
,,
,,
,,
,,
,,
,,
,,
,,
,,
,,
,,
,,
,,
,,
,,
,,
,,
,,
,,
,,
,,
,,
,,
,,
,,
,,
,,
,,
,,
,,
,,
,,
,,
,,
,,
,,
,,
,,
,,
,,
,,
,,
,,
,,
,,
,,
,,
,,
,,
,,
,,
,,
,,
,,
,,
,,
,,
,,
,,
,,
,,
,,
,,
,,
,,
,,
,,
,,
,,
,,
,,
,,
,,
,,
,,
,,
,,
,,
,,
,,
,,
,,
,,
,,
,,
,,
,,
,,
,,
,,
,,
,,
